   ▲ Next.js 15.3.5
   - Environments: .env.local

   Creating an optimized production build ...
2025-09-25T14:28:47.128Z next:build:webpack-build using separate compiler workers
2025-09-25T14:28:47.690Z next:jsconfig-paths-plugin tsconfig.json or jsconfig.json paths: { '@/*': [ './*' ] }
2025-09-25T14:28:47.692Z next:jsconfig-paths-plugin resolved baseUrl: {
  baseUrl: '/Users/akapat/Projects/personal/opensource/convex-nextjs',
  isImplicit: true
}
2025-09-25T14:28:47.696Z next:jsconfig-paths-plugin tsconfig.json or jsconfig.json paths: { '@/*': [ './*' ] }
2025-09-25T14:28:47.696Z next:jsconfig-paths-plugin resolved baseUrl: {
  baseUrl: '/Users/akapat/Projects/personal/opensource/convex-nextjs',
  isImplicit: true
}
2025-09-25T14:28:47.711Z next:jsconfig-paths-plugin tsconfig.json or jsconfig.json paths: { '@/*': [ './*' ] }
2025-09-25T14:28:47.711Z next:jsconfig-paths-plugin resolved baseUrl: {
  baseUrl: '/Users/akapat/Projects/personal/opensource/convex-nextjs',
  isImplicit: true
}
2025-09-25T14:28:47.780Z next:build:webpack-build starting compiler server
2025-09-25T14:28:47.780Z next:build:webpack-build starting server compiler
2025-09-25T14:28:48.115Z next:jsconfig-paths-plugin moduleName did not match any paths pattern next-app-loader
2025-09-25T14:28:48.116Z next:jsconfig-paths-plugin moduleName did not match any paths pattern next-app-loader
2025-09-25T14:28:48.116Z next:jsconfig-paths-plugin moduleName did not match any paths pattern next-app-loader
2025-09-25T14:28:48.116Z next:jsconfig-paths-plugin moduleName did not match any paths pattern next-app-loader
2025-09-25T14:28:48.116Z next:jsconfig-paths-plugin moduleName did not match any paths pattern next-app-loader
2025-09-25T14:28:48.116Z next:jsconfig-paths-plugin moduleName did not match any paths pattern next-app-loader
2025-09-25T14:28:48.116Z next:jsconfig-paths-plugin moduleName did not match any paths pattern next-app-loader
2025-09-25T14:28:48.116Z next:jsconfig-paths-plugin moduleName did not match any paths pattern next-app-loader
2025-09-25T14:28:48.116Z next:jsconfig-paths-plugin moduleName did not match any paths pattern next-route-loader
2025-09-25T14:28:48.124Z next:jsconfig-paths-plugin moduleName did not match any paths pattern next-app-loader
2025-09-25T14:28:48.124Z next:jsconfig-paths-plugin moduleName did not match any paths pattern next-app-loader
2025-09-25T14:28:48.124Z next:jsconfig-paths-plugin moduleName did not match any paths pattern next-app-loader
2025-09-25T14:28:48.124Z next:jsconfig-paths-plugin moduleName did not match any paths pattern next-app-loader
2025-09-25T14:28:48.124Z next:jsconfig-paths-plugin moduleName did not match any paths pattern next-app-loader
2025-09-25T14:28:48.124Z next:jsconfig-paths-plugin moduleName did not match any paths pattern next-app-loader
2025-09-25T14:28:48.124Z next:jsconfig-paths-plugin moduleName did not match any paths pattern next-app-loader
2025-09-25T14:28:48.124Z next:jsconfig-paths-plugin moduleName did not match any paths pattern next-app-loader
2025-09-25T14:28:48.126Z next:jsconfig-paths-plugin moduleName did not match any paths pattern next-app-loader
2025-09-25T14:28:48.126Z next:jsconfig-paths-plugin moduleName did not match any paths pattern next-app-loader
2025-09-25T14:28:48.126Z next:jsconfig-paths-plugin moduleName did not match any paths pattern next-app-loader
2025-09-25T14:28:48.126Z next:jsconfig-paths-plugin moduleName did not match any paths pattern next-app-loader
2025-09-25T14:28:48.126Z next:jsconfig-paths-plugin moduleName did not match any paths pattern next-app-loader
2025-09-25T14:28:48.126Z next:jsconfig-paths-plugin moduleName did not match any paths pattern next-app-loader
2025-09-25T14:28:48.126Z next:jsconfig-paths-plugin moduleName did not match any paths pattern next-app-loader
2025-09-25T14:28:48.126Z next:jsconfig-paths-plugin moduleName did not match any paths pattern next-app-loader
2025-09-25T14:28:48.127Z next:jsconfig-paths-plugin moduleName did not match any paths pattern next-app-loader
2025-09-25T14:28:48.127Z next:jsconfig-paths-plugin moduleName did not match any paths pattern next-app-loader
2025-09-25T14:28:48.127Z next:jsconfig-paths-plugin moduleName did not match any paths pattern next-app-loader
2025-09-25T14:28:48.127Z next:jsconfig-paths-plugin moduleName did not match any paths pattern next-app-loader
2025-09-25T14:28:48.128Z next:jsconfig-paths-plugin moduleName did not match any paths pattern next-app-loader
2025-09-25T14:28:48.128Z next:jsconfig-paths-plugin moduleName did not match any paths pattern next-app-loader
2025-09-25T14:28:48.128Z next:jsconfig-paths-plugin moduleName did not match any paths pattern next-app-loader
2025-09-25T14:28:48.128Z next:jsconfig-paths-plugin moduleName did not match any paths pattern next-app-loader
2025-09-25T14:28:48.129Z next:jsconfig-paths-plugin moduleName did not match any paths pattern next-route-loader
2025-09-25T14:28:48.129Z next:jsconfig-paths-plugin moduleName did not match any paths pattern next-route-loader
2025-09-25T14:28:48.129Z next:jsconfig-paths-plugin moduleName did not match any paths pattern next-route-loader
2025-09-25T14:28:48.144Z next:jsconfig-paths-plugin moduleName did not match any paths pattern next-metadata-route-loader
2025-09-25T14:28:48.145Z next:jsconfig-paths-plugin moduleName did not match any paths pattern next-metadata-route-loader
2025-09-25T14:28:48.146Z next:jsconfig-paths-plugin moduleName did not match any paths pattern next-metadata-route-loader
2025-09-25T14:28:48.146Z next:jsconfig-paths-plugin moduleName did not match any paths pattern next-metadata-route-loader
2025-09-25T14:28:48.148Z next:jsconfig-paths-plugin moduleName did not match any paths pattern next-metadata-image-loader
2025-09-25T14:28:48.149Z next:jsconfig-paths-plugin moduleName did not match any paths pattern next-metadata-image-loader
2025-09-25T14:28:48.149Z next:jsconfig-paths-plugin moduleName did not match any paths pattern next-metadata-image-loader
2025-09-25T14:28:48.149Z next:jsconfig-paths-plugin moduleName did not match any paths pattern next-metadata-image-loader
2025-09-25T14:28:48.151Z next:jsconfig-paths-plugin moduleName did not match any paths pattern next-metadata-image-loader
2025-09-25T14:28:48.151Z next:jsconfig-paths-plugin moduleName did not match any paths pattern next-metadata-image-loader
2025-09-25T14:28:48.152Z next:jsconfig-paths-plugin moduleName did not match any paths pattern next-metadata-image-loader
2025-09-25T14:28:48.152Z next:jsconfig-paths-plugin moduleName did not match any paths pattern next-metadata-image-loader
2025-09-25T14:28:48.159Z next:jsconfig-paths-plugin moduleName did not match any paths pattern next-metadata-image-loader
2025-09-25T14:28:48.159Z next:jsconfig-paths-plugin moduleName did not match any paths pattern next-metadata-image-loader
2025-09-25T14:28:48.161Z next:jsconfig-paths-plugin moduleName did not match any paths pattern next-metadata-image-loader
2025-09-25T14:28:48.161Z next:jsconfig-paths-plugin moduleName did not match any paths pattern next-metadata-image-loader
2025-09-25T14:28:48.163Z next:jsconfig-paths-plugin moduleName did not match any paths pattern next-metadata-image-loader
2025-09-25T14:28:48.163Z next:jsconfig-paths-plugin moduleName did not match any paths pattern next-metadata-image-loader
2025-09-25T14:28:48.163Z next:jsconfig-paths-plugin moduleName did not match any paths pattern next-metadata-image-loader
2025-09-25T14:28:48.163Z next:jsconfig-paths-plugin moduleName did not match any paths pattern next-metadata-image-loader
2025-09-25T14:28:48.164Z next:jsconfig-paths-plugin moduleName did not match any paths pattern next-metadata-image-loader
2025-09-25T14:28:48.164Z next:jsconfig-paths-plugin moduleName did not match any paths pattern next-metadata-image-loader
2025-09-25T14:28:48.164Z next:jsconfig-paths-plugin moduleName did not match any paths pattern next-metadata-image-loader
2025-09-25T14:28:48.164Z next:jsconfig-paths-plugin moduleName did not match any paths pattern next-metadata-image-loader
2025-09-25T14:28:48.166Z next:jsconfig-paths-plugin moduleName did not match any paths pattern next-metadata-image-loader
2025-09-25T14:28:48.166Z next:jsconfig-paths-plugin moduleName did not match any paths pattern next-metadata-image-loader
2025-09-25T14:28:48.166Z next:jsconfig-paths-plugin moduleName did not match any paths pattern next-metadata-image-loader
2025-09-25T14:28:48.166Z next:jsconfig-paths-plugin moduleName did not match any paths pattern next-metadata-image-loader
2025-09-25T14:28:48.172Z next:jsconfig-paths-plugin moduleName did not match any paths pattern @opentelemetry/api
2025-09-25T14:28:48.174Z next:jsconfig-paths-plugin moduleName did not match any paths pattern next/server
2025-09-25T14:28:48.174Z next:jsconfig-paths-plugin skipping request as it is an absolute path /Users/akapat/Projects/personal/opensource/convex-nextjs/node_modules/.pnpm/next@15.3.5_@opentelemetry+api@1.9.0_react-dom@19.1.0_react@19.1.0__react@19.1.0/node_modules/next/server
2025-09-25T14:28:48.179Z next:jsconfig-paths-plugin moduleName did not match any paths pattern @opentelemetry/api
2025-09-25T14:28:48.183Z next:jsconfig-paths-plugin moduleName did not match any paths pattern next/link
2025-09-25T14:28:48.183Z next:jsconfig-paths-plugin skipping request as it is an absolute path /Users/akapat/Projects/personal/opensource/convex-nextjs/node_modules/.pnpm/next@15.3.5_@opentelemetry+api@1.9.0_react-dom@19.1.0_react@19.1.0__react@19.1.0/node_modules/next/link
2025-09-25T14:28:48.184Z next:jsconfig-paths-plugin moduleName did not match any paths pattern next/server
2025-09-25T14:28:48.184Z next:jsconfig-paths-plugin skipping request as it is an absolute path /Users/akapat/Projects/personal/opensource/convex-nextjs/node_modules/.pnpm/next@15.3.5_@opentelemetry+api@1.9.0_react-dom@19.1.0_react@19.1.0__react@19.1.0/node_modules/next/server
2025-09-25T14:28:48.184Z next:jsconfig-paths-plugin moduleName did not match any paths pattern next/navigation
2025-09-25T14:28:48.184Z next:jsconfig-paths-plugin skipping request as it is an absolute path /Users/akapat/Projects/personal/opensource/convex-nextjs/node_modules/.pnpm/next@15.3.5_@opentelemetry+api@1.9.0_react-dom@19.1.0_react@19.1.0__react@19.1.0/node_modules/next/navigation
2025-09-25T14:28:48.187Z next:jsconfig-paths-plugin moduleName did not match any paths pattern @opentelemetry/api
2025-09-25T14:28:48.187Z next:jsconfig-paths-plugin moduleName did not match any paths pattern @opentelemetry/api
2025-09-25T14:28:48.187Z next:jsconfig-paths-plugin moduleName did not match any paths pattern react-server-dom-webpack/static.edge
2025-09-25T14:28:48.187Z next:jsconfig-paths-plugin moduleName did not match any paths pattern react-server-dom-webpack/server.edge
2025-09-25T14:28:48.188Z next:jsconfig-paths-plugin moduleName did not match any paths pattern react-server-dom-webpack/static.edge
2025-09-25T14:28:48.188Z next:jsconfig-paths-plugin moduleName did not match any paths pattern react-server-dom-webpack/server.edge
2025-09-25T14:28:48.191Z next:jsconfig-paths-plugin skipping request as it is an absolute path /Users/akapat/Projects/personal/opensource/convex-nextjs/components/react-bits/splash-cursor
2025-09-25T14:28:48.191Z next:jsconfig-paths-plugin skipping request as it is an absolute path /Users/akapat/Projects/personal/opensource/convex-nextjs/components/theme-provider
2025-09-25T14:28:48.192Z next:jsconfig-paths-plugin skipping request as it is an absolute path /Users/akapat/Projects/personal/opensource/convex-nextjs/components/ConvexClientProvider
2025-09-25T14:28:48.193Z next:jsconfig-paths-plugin skipping request as it is an absolute path /Users/akapat/Projects/personal/opensource/convex-nextjs/convex/_generated/api
2025-09-25T14:28:48.196Z next:jsconfig-paths-plugin skipping request as it is a relative path ../(landing)/header
2025-09-25T14:28:48.196Z next:jsconfig-paths-plugin skipping request as it is a relative path ./hero-section
2025-09-25T14:28:48.196Z next:jsconfig-paths-plugin skipping request as it is a relative path ./pain-points
2025-09-25T14:28:48.196Z next:jsconfig-paths-plugin skipping request as it is a relative path ./demo-section
2025-09-25T14:28:48.196Z next:jsconfig-paths-plugin skipping request as it is a relative path ./capabilities
2025-09-25T14:28:48.196Z next:jsconfig-paths-plugin skipping request as it is a relative path ./results
2025-09-25T14:28:48.196Z next:jsconfig-paths-plugin skipping request as it is a relative path ./case-study
2025-09-25T14:28:48.196Z next:jsconfig-paths-plugin skipping request as it is a relative path ./faqs
2025-09-25T14:28:48.196Z next:jsconfig-paths-plugin skipping request as it is a relative path ./cta-section
2025-09-25T14:28:48.196Z next:jsconfig-paths-plugin skipping request as it is a relative path ./footer
2025-09-25T14:28:48.197Z next:jsconfig-paths-plugin skipping request as it is a relative path ./hero-section
2025-09-25T14:28:48.197Z next:jsconfig-paths-plugin skipping request as it is a relative path ./pain-points
2025-09-25T14:28:48.197Z next:jsconfig-paths-plugin skipping request as it is a relative path ./demo-section
2025-09-25T14:28:48.197Z next:jsconfig-paths-plugin skipping request as it is a relative path ./capabilities
2025-09-25T14:28:48.197Z next:jsconfig-paths-plugin skipping request as it is a relative path ./results
2025-09-25T14:28:48.197Z next:jsconfig-paths-plugin skipping request as it is a relative path ./case-study
2025-09-25T14:28:48.197Z next:jsconfig-paths-plugin skipping request as it is a relative path ./faqs
2025-09-25T14:28:48.197Z next:jsconfig-paths-plugin skipping request as it is a relative path ./cta-section
2025-09-25T14:28:48.197Z next:jsconfig-paths-plugin skipping request as it is a relative path ./footer
2025-09-25T14:28:48.197Z next:jsconfig-paths-plugin skipping request as it is an absolute path /Users/akapat/Projects/personal/opensource/convex-nextjs/components/theme-provider
2025-09-25T14:28:48.197Z next:jsconfig-paths-plugin skipping request as it is an absolute path /Users/akapat/Projects/personal/opensource/convex-nextjs/components/ConvexClientProvider
2025-09-25T14:28:48.197Z next:jsconfig-paths-plugin skipping request as it is an absolute path /Users/akapat/Projects/personal/opensource/convex-nextjs/components/react-bits/splash-cursor
2025-09-25T14:28:48.199Z next:jsconfig-paths-plugin skipping request as it is a relative path ../(landing)/header
2025-09-25T14:28:48.199Z next:jsconfig-paths-plugin skipping request as it is an absolute path /Users/akapat/Projects/personal/opensource/convex-nextjs/convex/_generated/api
2025-09-25T14:28:48.199Z next:jsconfig-paths-plugin skipping request as it is an absolute path /Users/akapat/Projects/personal/opensource/convex-nextjs/app/dashboard/app-sidebar
2025-09-25T14:28:48.199Z next:jsconfig-paths-plugin skipping request as it is an absolute path /Users/akapat/Projects/personal/opensource/convex-nextjs/app/dashboard/site-header
2025-09-25T14:28:48.199Z next:jsconfig-paths-plugin skipping request as it is an absolute path /Users/akapat/Projects/personal/opensource/convex-nextjs/app/dashboard/loading-bar
2025-09-25T14:28:48.199Z next:jsconfig-paths-plugin skipping request as it is an absolute path /Users/akapat/Projects/personal/opensource/convex-nextjs/components/ui/sidebar
2025-09-25T14:28:48.200Z next:jsconfig-paths-plugin skipping request as it is an absolute path /Users/akapat/Projects/personal/opensource/convex-nextjs/components/custom-clerk-pricing
2025-09-25T14:28:48.200Z next:jsconfig-paths-plugin skipping request as it is an absolute path /Users/akapat/Projects/personal/opensource/convex-nextjs/components/custom-clerk-pricing
2025-09-25T14:28:48.200Z next:jsconfig-paths-plugin skipping request as it is an absolute path /Users/akapat/Projects/personal/opensource/convex-nextjs/app/dashboard/app-sidebar
2025-09-25T14:28:48.200Z next:jsconfig-paths-plugin skipping request as it is an absolute path /Users/akapat/Projects/personal/opensource/convex-nextjs/app/dashboard/site-header
2025-09-25T14:28:48.200Z next:jsconfig-paths-plugin skipping request as it is an absolute path /Users/akapat/Projects/personal/opensource/convex-nextjs/app/dashboard/loading-bar
2025-09-25T14:28:48.201Z next:jsconfig-paths-plugin skipping request as it is an absolute path /Users/akapat/Projects/personal/opensource/convex-nextjs/components/ui/sidebar
2025-09-25T14:28:48.201Z next:jsconfig-paths-plugin skipping request as it is an absolute path /Users/akapat/Projects/personal/opensource/convex-nextjs/components/custom-clerk-pricing
2025-09-25T14:28:48.201Z next:jsconfig-paths-plugin skipping request as it is an absolute path /Users/akapat/Projects/personal/opensource/convex-nextjs/components/custom-clerk-pricing
2025-09-25T14:28:48.201Z next:jsconfig-paths-plugin skipping request as it is a relative path ./hero-section
2025-09-25T14:28:48.201Z next:jsconfig-paths-plugin skipping request as it is a relative path ./hero-section
2025-09-25T14:28:48.201Z next:jsconfig-paths-plugin skipping request as it is a relative path ./testimonials
2025-09-25T14:28:48.201Z next:jsconfig-paths-plugin skipping request as it is a relative path ./testimonials
2025-09-25T14:28:48.201Z next:jsconfig-paths-plugin skipping request as it is a relative path ./features-one
2025-09-25T14:28:48.201Z next:jsconfig-paths-plugin skipping request as it is a relative path ./features-one
2025-09-25T14:28:48.201Z next:jsconfig-paths-plugin skipping request as it is a relative path ./faqs
2025-09-25T14:28:48.201Z next:jsconfig-paths-plugin skipping request as it is a relative path ./faqs
2025-09-25T14:28:48.202Z next:jsconfig-paths-plugin skipping request as it is a relative path ./footer
2025-09-25T14:28:48.202Z next:jsconfig-paths-plugin skipping request as it is a relative path ./footer
2025-09-25T14:28:48.202Z next:jsconfig-paths-plugin skipping request as it is a relative path ./call-to-action
2025-09-25T14:28:48.202Z next:jsconfig-paths-plugin skipping request as it is a relative path ./call-to-action
2025-09-25T14:28:48.203Z next:jsconfig-paths-plugin moduleName did not match any paths pattern react-server-dom-webpack/server.edge
2025-09-25T14:28:48.203Z next:jsconfig-paths-plugin moduleName did not match any paths pattern react-server-dom-webpack/server.edge
2025-09-25T14:28:48.203Z next:jsconfig-paths-plugin moduleName did not match any paths pattern react-server-dom-webpack/server.edge
2025-09-25T14:28:48.203Z next:jsconfig-paths-plugin moduleName did not match any paths pattern react-server-dom-webpack/server.edge
2025-09-25T14:28:48.209Z next:jsconfig-paths-plugin skipping request as it is a relative path ./hero-section
2025-09-25T14:28:48.209Z next:jsconfig-paths-plugin skipping request as it is a relative path ./hero-section
2025-09-25T14:28:48.209Z next:jsconfig-paths-plugin skipping request as it is a relative path ./pain-points
2025-09-25T14:28:48.210Z next:jsconfig-paths-plugin skipping request as it is a relative path ./pain-points
2025-09-25T14:28:48.210Z next:jsconfig-paths-plugin skipping request as it is a relative path ./demo-section
2025-09-25T14:28:48.210Z next:jsconfig-paths-plugin skipping request as it is a relative path ./demo-section
2025-09-25T14:28:48.210Z next:jsconfig-paths-plugin skipping request as it is a relative path ./capabilities
2025-09-25T14:28:48.210Z next:jsconfig-paths-plugin skipping request as it is a relative path ./capabilities
2025-09-25T14:28:48.210Z next:jsconfig-paths-plugin skipping request as it is a relative path ./results
2025-09-25T14:28:48.210Z next:jsconfig-paths-plugin skipping request as it is a relative path ./results
2025-09-25T14:28:48.210Z next:jsconfig-paths-plugin skipping request as it is a relative path ./case-study
2025-09-25T14:28:48.211Z next:jsconfig-paths-plugin skipping request as it is a relative path ./case-study
2025-09-25T14:28:48.213Z next:jsconfig-paths-plugin skipping request as it is a relative path ./faqs
2025-09-25T14:28:48.213Z next:jsconfig-paths-plugin skipping request as it is a relative path ./faqs
2025-09-25T14:28:48.214Z next:jsconfig-paths-plugin skipping request as it is a relative path ./footer
2025-09-25T14:28:48.214Z next:jsconfig-paths-plugin skipping request as it is a relative path ./footer
2025-09-25T14:28:48.214Z next:jsconfig-paths-plugin skipping request as it is a relative path ./cta-section
2025-09-25T14:28:48.214Z next:jsconfig-paths-plugin skipping request as it is a relative path ./cta-section
2025-09-25T14:28:48.214Z next:jsconfig-paths-plugin skipping request as it is an absolute path /Users/akapat/Projects/personal/opensource/convex-nextjs/components/ConvexClientProvider
2025-09-25T14:28:48.214Z next:jsconfig-paths-plugin skipping request as it is an absolute path /Users/akapat/Projects/personal/opensource/convex-nextjs/components/ConvexClientProvider
2025-09-25T14:28:48.215Z next:jsconfig-paths-plugin skipping request as it is an absolute path /Users/akapat/Projects/personal/opensource/convex-nextjs/components/react-bits/splash-cursor
2025-09-25T14:28:48.215Z next:jsconfig-paths-plugin skipping request as it is an absolute path /Users/akapat/Projects/personal/opensource/convex-nextjs/components/react-bits/splash-cursor
2025-09-25T14:28:48.215Z next:jsconfig-paths-plugin moduleName did not match any paths pattern react-server-dom-webpack/static.edge
2025-09-25T14:28:48.215Z next:jsconfig-paths-plugin moduleName did not match any paths pattern react-server-dom-webpack/static.edge
2025-09-25T14:28:48.216Z next:jsconfig-paths-plugin skipping request as it is a relative path ../(landing)/header
2025-09-25T14:28:48.216Z next:jsconfig-paths-plugin skipping request as it is a relative path ../(landing)/header
2025-09-25T14:28:48.216Z next:jsconfig-paths-plugin skipping request as it is an absolute path /Users/akapat/Projects/personal/opensource/convex-nextjs/components/theme-provider
2025-09-25T14:28:48.216Z next:jsconfig-paths-plugin skipping request as it is an absolute path /Users/akapat/Projects/personal/opensource/convex-nextjs/components/theme-provider
2025-09-25T14:28:48.216Z next:jsconfig-paths-plugin skipping request as it is an absolute path /Users/akapat/Projects/personal/opensource/convex-nextjs/app/dashboard/app-sidebar
2025-09-25T14:28:48.217Z next:jsconfig-paths-plugin skipping request as it is an absolute path /Users/akapat/Projects/personal/opensource/convex-nextjs/app/dashboard/app-sidebar
2025-09-25T14:28:48.217Z next:jsconfig-paths-plugin skipping request as it is an absolute path /Users/akapat/Projects/personal/opensource/convex-nextjs/components/custom-clerk-pricing
2025-09-25T14:28:48.217Z next:jsconfig-paths-plugin skipping request as it is an absolute path /Users/akapat/Projects/personal/opensource/convex-nextjs/components/custom-clerk-pricing
2025-09-25T14:28:48.217Z next:jsconfig-paths-plugin skipping request as it is an absolute path /Users/akapat/Projects/personal/opensource/convex-nextjs/components/custom-clerk-pricing
2025-09-25T14:28:48.217Z next:jsconfig-paths-plugin skipping request as it is an absolute path /Users/akapat/Projects/personal/opensource/convex-nextjs/components/custom-clerk-pricing
2025-09-25T14:28:48.218Z next:jsconfig-paths-plugin skipping request as it is an absolute path /Users/akapat/Projects/personal/opensource/convex-nextjs/app/dashboard/loading-bar
2025-09-25T14:28:48.218Z next:jsconfig-paths-plugin skipping request as it is an absolute path /Users/akapat/Projects/personal/opensource/convex-nextjs/app/dashboard/loading-bar
2025-09-25T14:28:48.218Z next:jsconfig-paths-plugin skipping request as it is an absolute path /Users/akapat/Projects/personal/opensource/convex-nextjs/app/dashboard/site-header
2025-09-25T14:28:48.218Z next:jsconfig-paths-plugin skipping request as it is an absolute path /Users/akapat/Projects/personal/opensource/convex-nextjs/app/dashboard/site-header
2025-09-25T14:28:48.219Z next:jsconfig-paths-plugin skipping request as it is an absolute path /Users/akapat/Projects/personal/opensource/convex-nextjs/components/ui/sidebar
2025-09-25T14:28:48.219Z next:jsconfig-paths-plugin skipping request as it is an absolute path /Users/akapat/Projects/personal/opensource/convex-nextjs/components/ui/sidebar
2025-09-25T14:28:48.219Z next:jsconfig-paths-plugin skipping request as it is a relative path ./hero-section
2025-09-25T14:28:48.219Z next:jsconfig-paths-plugin skipping request as it is a relative path ./hero-section
2025-09-25T14:28:48.219Z next:jsconfig-paths-plugin skipping request as it is a relative path ./features-one
2025-09-25T14:28:48.219Z next:jsconfig-paths-plugin skipping request as it is a relative path ./features-one
2025-09-25T14:28:48.219Z next:jsconfig-paths-plugin skipping request as it is a relative path ./testimonials
2025-09-25T14:28:48.219Z next:jsconfig-paths-plugin skipping request as it is a relative path ./testimonials
2025-09-25T14:28:48.220Z next:jsconfig-paths-plugin skipping request as it is a relative path ./faqs
2025-09-25T14:28:48.220Z next:jsconfig-paths-plugin skipping request as it is a relative path ./faqs
2025-09-25T14:28:48.220Z next:jsconfig-paths-plugin skipping request as it is a relative path ./footer
2025-09-25T14:28:48.220Z next:jsconfig-paths-plugin skipping request as it is a relative path ./footer
2025-09-25T14:28:48.220Z next:jsconfig-paths-plugin skipping request as it is a relative path ./call-to-action
2025-09-25T14:28:48.220Z next:jsconfig-paths-plugin skipping request as it is a relative path ./call-to-action
2025-09-25T14:28:48.222Z next:jsconfig-paths-plugin skipping request as it is inside node_modules ./baggage/utils
2025-09-25T14:28:48.222Z next:jsconfig-paths-plugin skipping request as it is inside node_modules ./baggage/utils
2025-09-25T14:28:48.222Z next:jsconfig-paths-plugin skipping request as it is inside node_modules ./context/context
2025-09-25T14:28:48.222Z next:jsconfig-paths-plugin skipping request as it is inside node_modules ./context/context
2025-09-25T14:28:48.222Z next:jsconfig-paths-plugin skipping request as it is inside node_modules ./diag/types
2025-09-25T14:28:48.222Z next:jsconfig-paths-plugin skipping request as it is inside node_modules ./diag/types
2025-09-25T14:28:48.222Z next:jsconfig-paths-plugin skipping request as it is inside node_modules ./diag/consoleLogger
2025-09-25T14:28:48.222Z next:jsconfig-paths-plugin skipping request as it is inside node_modules ./diag/consoleLogger
2025-09-25T14:28:48.222Z next:jsconfig-paths-plugin skipping request as it is inside node_modules ./metrics/NoopMeter
2025-09-25T14:28:48.222Z next:jsconfig-paths-plugin skipping request as it is inside node_modules ./metrics/NoopMeter
2025-09-25T14:28:48.222Z next:jsconfig-paths-plugin skipping request as it is inside node_modules ./metrics/Metric
2025-09-25T14:28:48.222Z next:jsconfig-paths-plugin skipping request as it is inside node_modules ./metrics/Metric
2025-09-25T14:28:48.222Z next:jsconfig-paths-plugin skipping request as it is inside node_modules ./propagation/TextMapPropagator
2025-09-25T14:28:48.222Z next:jsconfig-paths-plugin skipping request as it is inside node_modules ./propagation/TextMapPropagator
2025-09-25T14:28:48.222Z next:jsconfig-paths-plugin skipping request as it is inside node_modules ./trace/ProxyTracer
2025-09-25T14:28:48.222Z next:jsconfig-paths-plugin skipping request as it is inside node_modules ./trace/ProxyTracer
2025-09-25T14:28:48.222Z next:jsconfig-paths-plugin skipping request as it is inside node_modules ./trace/ProxyTracerProvider
2025-09-25T14:28:48.222Z next:jsconfig-paths-plugin skipping request as it is inside node_modules ./trace/ProxyTracerProvider
2025-09-25T14:28:48.222Z next:jsconfig-paths-plugin skipping request as it is inside node_modules ./trace/SamplingResult
2025-09-25T14:28:48.222Z next:jsconfig-paths-plugin skipping request as it is inside node_modules ./trace/SamplingResult
2025-09-25T14:28:48.222Z next:jsconfig-paths-plugin skipping request as it is inside node_modules ./trace/span_kind
2025-09-25T14:28:48.222Z next:jsconfig-paths-plugin skipping request as it is inside node_modules ./trace/span_kind
2025-09-25T14:28:48.222Z next:jsconfig-paths-plugin skipping request as it is inside node_modules ./trace/status
2025-09-25T14:28:48.222Z next:jsconfig-paths-plugin skipping request as it is inside node_modules ./trace/status
2025-09-25T14:28:48.222Z next:jsconfig-paths-plugin skipping request as it is inside node_modules ./trace/trace_flags
2025-09-25T14:28:48.222Z next:jsconfig-paths-plugin skipping request as it is inside node_modules ./trace/trace_flags
2025-09-25T14:28:48.222Z next:jsconfig-paths-plugin skipping request as it is inside node_modules ./trace/spancontext-utils
2025-09-25T14:28:48.222Z next:jsconfig-paths-plugin skipping request as it is inside node_modules ./trace/spancontext-utils
2025-09-25T14:28:48.222Z next:jsconfig-paths-plugin skipping request as it is inside node_modules ./trace/internal/utils
2025-09-25T14:28:48.222Z next:jsconfig-paths-plugin skipping request as it is inside node_modules ./trace/internal/utils
2025-09-25T14:28:48.222Z next:jsconfig-paths-plugin skipping request as it is inside node_modules ./trace/invalid-span-constants
2025-09-25T14:28:48.222Z next:jsconfig-paths-plugin skipping request as it is inside node_modules ./trace/invalid-span-constants
2025-09-25T14:28:48.222Z next:jsconfig-paths-plugin skipping request as it is inside node_modules ./context-api
2025-09-25T14:28:48.222Z next:jsconfig-paths-plugin skipping request as it is inside node_modules ./context-api
2025-09-25T14:28:48.222Z next:jsconfig-paths-plugin skipping request as it is inside node_modules ./diag-api
2025-09-25T14:28:48.222Z next:jsconfig-paths-plugin skipping request as it is inside node_modules ./diag-api
2025-09-25T14:28:48.222Z next:jsconfig-paths-plugin skipping request as it is inside node_modules ./metrics-api
2025-09-25T14:28:48.222Z next:jsconfig-paths-plugin skipping request as it is inside node_modules ./metrics-api
2025-09-25T14:28:48.222Z next:jsconfig-paths-plugin skipping request as it is inside node_modules ./propagation-api
2025-09-25T14:28:48.222Z next:jsconfig-paths-plugin skipping request as it is inside node_modules ./propagation-api
2025-09-25T14:28:48.222Z next:jsconfig-paths-plugin skipping request as it is inside node_modules ./trace-api
2025-09-25T14:28:48.222Z next:jsconfig-paths-plugin skipping request as it is inside node_modules ./trace-api
2025-09-25T14:28:48.222Z next:jsconfig-paths-plugin skipping request as it is inside node_modules ./context-api
2025-09-25T14:28:48.223Z next:jsconfig-paths-plugin skipping request as it is inside node_modules ./context-api
2025-09-25T14:28:48.223Z next:jsconfig-paths-plugin skipping request as it is inside node_modules ./diag-api
2025-09-25T14:28:48.223Z next:jsconfig-paths-plugin skipping request as it is inside node_modules ./diag-api
2025-09-25T14:28:48.223Z next:jsconfig-paths-plugin skipping request as it is inside node_modules ./metrics-api
2025-09-25T14:28:48.223Z next:jsconfig-paths-plugin skipping request as it is inside node_modules ./metrics-api
2025-09-25T14:28:48.223Z next:jsconfig-paths-plugin skipping request as it is inside node_modules ./propagation-api
2025-09-25T14:28:48.223Z next:jsconfig-paths-plugin skipping request as it is inside node_modules ./propagation-api
2025-09-25T14:28:48.223Z next:jsconfig-paths-plugin skipping request as it is inside node_modules ./trace-api
2025-09-25T14:28:48.223Z next:jsconfig-paths-plugin skipping request as it is inside node_modules ./trace-api
2025-09-25T14:28:48.225Z next:jsconfig-paths-plugin moduleName did not match any paths pattern react-server-dom-webpack/server.edge
2025-09-25T14:28:48.225Z next:jsconfig-paths-plugin moduleName did not match any paths pattern react-server-dom-webpack/server.edge
2025-09-25T14:28:48.225Z next:jsconfig-paths-plugin skipping request as it is inside node_modules ./baggage/utils
2025-09-25T14:28:48.225Z next:jsconfig-paths-plugin skipping request as it is inside node_modules ./baggage/utils
2025-09-25T14:28:48.226Z next:jsconfig-paths-plugin skipping request as it is inside node_modules ./context/context
2025-09-25T14:28:48.226Z next:jsconfig-paths-plugin skipping request as it is inside node_modules ./context/context
2025-09-25T14:28:48.226Z next:jsconfig-paths-plugin skipping request as it is inside node_modules ./diag/types
2025-09-25T14:28:48.226Z next:jsconfig-paths-plugin skipping request as it is inside node_modules ./diag/types
2025-09-25T14:28:48.226Z next:jsconfig-paths-plugin skipping request as it is inside node_modules ./diag/consoleLogger
2025-09-25T14:28:48.226Z next:jsconfig-paths-plugin skipping request as it is inside node_modules ./diag/consoleLogger
2025-09-25T14:28:48.226Z next:jsconfig-paths-plugin skipping request as it is inside node_modules ./metrics/NoopMeter
2025-09-25T14:28:48.226Z next:jsconfig-paths-plugin skipping request as it is inside node_modules ./metrics/NoopMeter
2025-09-25T14:28:48.226Z next:jsconfig-paths-plugin skipping request as it is inside node_modules ./metrics/Metric
2025-09-25T14:28:48.226Z next:jsconfig-paths-plugin skipping request as it is inside node_modules ./metrics/Metric
2025-09-25T14:28:48.226Z next:jsconfig-paths-plugin skipping request as it is inside node_modules ./propagation/TextMapPropagator
2025-09-25T14:28:48.226Z next:jsconfig-paths-plugin skipping request as it is inside node_modules ./propagation/TextMapPropagator
2025-09-25T14:28:48.227Z next:jsconfig-paths-plugin skipping request as it is inside node_modules ./trace/ProxyTracer
2025-09-25T14:28:48.227Z next:jsconfig-paths-plugin skipping request as it is inside node_modules ./trace/ProxyTracer
2025-09-25T14:28:48.227Z next:jsconfig-paths-plugin skipping request as it is inside node_modules ./trace/ProxyTracerProvider
2025-09-25T14:28:48.227Z next:jsconfig-paths-plugin skipping request as it is inside node_modules ./trace/ProxyTracerProvider
2025-09-25T14:28:48.227Z next:jsconfig-paths-plugin skipping request as it is inside node_modules ./trace/SamplingResult
2025-09-25T14:28:48.227Z next:jsconfig-paths-plugin skipping request as it is inside node_modules ./trace/SamplingResult
2025-09-25T14:28:48.227Z next:jsconfig-paths-plugin skipping request as it is inside node_modules ./trace/span_kind
2025-09-25T14:28:48.227Z next:jsconfig-paths-plugin skipping request as it is inside node_modules ./trace/span_kind
2025-09-25T14:28:48.227Z next:jsconfig-paths-plugin skipping request as it is inside node_modules ./trace/status
2025-09-25T14:28:48.227Z next:jsconfig-paths-plugin skipping request as it is inside node_modules ./trace/status
2025-09-25T14:28:48.227Z next:jsconfig-paths-plugin skipping request as it is inside node_modules ./trace/trace_flags
2025-09-25T14:28:48.227Z next:jsconfig-paths-plugin skipping request as it is inside node_modules ./trace/trace_flags
2025-09-25T14:28:48.227Z next:jsconfig-paths-plugin skipping request as it is inside node_modules ./trace/spancontext-utils
2025-09-25T14:28:48.227Z next:jsconfig-paths-plugin skipping request as it is inside node_modules ./trace/spancontext-utils
2025-09-25T14:28:48.227Z next:jsconfig-paths-plugin skipping request as it is inside node_modules ./trace/invalid-span-constants
2025-09-25T14:28:48.227Z next:jsconfig-paths-plugin skipping request as it is inside node_modules ./trace/invalid-span-constants
2025-09-25T14:28:48.227Z next:jsconfig-paths-plugin skipping request as it is inside node_modules ./trace/internal/utils
2025-09-25T14:28:48.227Z next:jsconfig-paths-plugin skipping request as it is inside node_modules ./trace/internal/utils
2025-09-25T14:28:48.230Z next:jsconfig-paths-plugin moduleName did not match any paths pattern #components
2025-09-25T14:28:48.231Z next:jsconfig-paths-plugin moduleName did not match any paths pattern #components
2025-09-25T14:28:48.231Z next:jsconfig-paths-plugin moduleName did not match any paths pattern #components
2025-09-25T14:28:48.231Z next:jsconfig-paths-plugin moduleName did not match any paths pattern #components
2025-09-25T14:28:48.231Z next:jsconfig-paths-plugin moduleName did not match any paths pattern react-server-dom-webpack/client.edge
2025-09-25T14:28:48.231Z next:jsconfig-paths-plugin moduleName did not match any paths pattern react-server-dom-webpack/client.edge
2025-09-25T14:28:48.233Z next:jsconfig-paths-plugin skipping request as it is inside node_modules next/dist/api/server
2025-09-25T14:28:48.233Z next:jsconfig-paths-plugin skipping request as it is inside node_modules next/dist/api/server
2025-09-25T14:28:48.233Z next:jsconfig-paths-plugin skipping request as it is inside node_modules /Users/akapat/Projects/personal/opensource/convex-nextjs/node_modules/.pnpm/next@15.3.5_@opentelemetry+api@1.9.0_react-dom@19.1.0_react@19.1.0__react@19.1.0/node_modules/next/dist/api/server
2025-09-25T14:28:48.233Z next:jsconfig-paths-plugin skipping request as it is inside node_modules /Users/akapat/Projects/personal/opensource/convex-nextjs/node_modules/.pnpm/next@15.3.5_@opentelemetry+api@1.9.0_react-dom@19.1.0_react@19.1.0__react@19.1.0/node_modules/next/dist/api/server
2025-09-25T14:28:48.233Z next:jsconfig-paths-plugin skipping request as it is inside node_modules next/dist/client/app-dir/link
2025-09-25T14:28:48.233Z next:jsconfig-paths-plugin skipping request as it is inside node_modules /Users/akapat/Projects/personal/opensource/convex-nextjs/node_modules/.pnpm/next@15.3.5_@opentelemetry+api@1.9.0_react-dom@19.1.0_react@19.1.0__react@19.1.0/node_modules/next/dist/client/app-dir/link
2025-09-25T14:28:48.233Z next:jsconfig-paths-plugin skipping request as it is inside node_modules next/dist/api/navigation.react-server
2025-09-25T14:28:48.233Z next:jsconfig-paths-plugin skipping request as it is inside node_modules /Users/akapat/Projects/personal/opensource/convex-nextjs/node_modules/.pnpm/next@15.3.5_@opentelemetry+api@1.9.0_react-dom@19.1.0_react@19.1.0__react@19.1.0/node_modules/next/dist/api/navigation.react-server
2025-09-25T14:28:48.237Z next:jsconfig-paths-plugin skipping request as it is inside node_modules ./client-boundary/controlComponents
2025-09-25T14:28:48.237Z next:jsconfig-paths-plugin skipping request as it is inside node_modules ./client-boundary/uiComponents
2025-09-25T14:28:48.237Z next:jsconfig-paths-plugin skipping request as it is inside node_modules ./client-boundary/hooks
2025-09-25T14:28:48.242Z next:jsconfig-paths-plugin moduleName did not match any paths pattern next/image
2025-09-25T14:28:48.242Z next:jsconfig-paths-plugin skipping request as it is an absolute path /Users/akapat/Projects/personal/opensource/convex-nextjs/node_modules/.pnpm/next@15.3.5_@opentelemetry+api@1.9.0_react-dom@19.1.0_react@19.1.0__react@19.1.0/node_modules/next/image
2025-09-25T14:28:48.244Z next:jsconfig-paths-plugin skipping request as it is inside node_modules ./client-boundary/controlComponents
2025-09-25T14:28:48.244Z next:jsconfig-paths-plugin skipping request as it is inside node_modules ./client-boundary/uiComponents
2025-09-25T14:28:48.245Z next:jsconfig-paths-plugin skipping request as it is inside node_modules ./client-boundary/hooks
2025-09-25T14:28:48.253Z next:jsconfig-paths-plugin skipping request as it is inside node_modules ./app-router/server/ClerkProvider
2025-09-25T14:28:48.253Z next:jsconfig-paths-plugin skipping request as it is inside node_modules ./app-router/server/controlComponents
2025-09-25T14:28:48.253Z next:jsconfig-paths-plugin moduleName did not match any paths pattern next/link
2025-09-25T14:28:48.254Z next:jsconfig-paths-plugin skipping request as it is an absolute path /Users/akapat/Projects/personal/opensource/convex-nextjs/node_modules/.pnpm/next@15.3.5_@opentelemetry+api@1.9.0_react-dom@19.1.0_react@19.1.0__react@19.1.0/node_modules/next/link
2025-09-25T14:28:48.254Z next:jsconfig-paths-plugin skipping request as it is inside node_modules next/dist/client/app-dir/link
2025-09-25T14:28:48.254Z next:jsconfig-paths-plugin skipping request as it is inside node_modules /Users/akapat/Projects/personal/opensource/convex-nextjs/node_modules/.pnpm/next@15.3.5_@opentelemetry+api@1.9.0_react-dom@19.1.0_react@19.1.0__react@19.1.0/node_modules/next/dist/client/app-dir/link
2025-09-25T14:28:48.257Z next:jsconfig-paths-plugin moduleName did not match any paths pattern react-server-dom-webpack/server.edge
2025-09-25T14:28:48.257Z next:jsconfig-paths-plugin moduleName did not match any paths pattern react-server-dom-webpack/server.edge
2025-09-25T14:28:48.257Z next:jsconfig-paths-plugin moduleName did not match any paths pattern react-server-dom-webpack/server.edge
2025-09-25T14:28:48.257Z next:jsconfig-paths-plugin moduleName did not match any paths pattern react-server-dom-webpack/server.edge
2025-09-25T14:28:48.257Z next:jsconfig-paths-plugin moduleName did not match any paths pattern react-server-dom-webpack/server.edge
2025-09-25T14:28:48.258Z next:jsconfig-paths-plugin moduleName did not match any paths pattern react-server-dom-webpack/server.edge
2025-09-25T14:28:48.258Z next:jsconfig-paths-plugin moduleName did not match any paths pattern react-server-dom-webpack/server.edge
2025-09-25T14:28:48.258Z next:jsconfig-paths-plugin moduleName did not match any paths pattern react-server-dom-webpack/server.edge
2025-09-25T14:28:48.258Z next:jsconfig-paths-plugin moduleName did not match any paths pattern react-server-dom-webpack/server.edge
2025-09-25T14:28:48.258Z next:jsconfig-paths-plugin moduleName did not match any paths pattern react-server-dom-webpack/server.edge
2025-09-25T14:28:48.258Z next:jsconfig-paths-plugin moduleName did not match any paths pattern react-server-dom-webpack/server.edge
2025-09-25T14:28:48.258Z next:jsconfig-paths-plugin moduleName did not match any paths pattern react-server-dom-webpack/server.edge
2025-09-25T14:28:48.258Z next:jsconfig-paths-plugin moduleName did not match any paths pattern react-server-dom-webpack/server.edge
2025-09-25T14:28:48.258Z next:jsconfig-paths-plugin moduleName did not match any paths pattern react-server-dom-webpack/server.edge
2025-09-25T14:28:48.258Z next:jsconfig-paths-plugin moduleName did not match any paths pattern react-server-dom-webpack/server.edge
2025-09-25T14:28:48.258Z next:jsconfig-paths-plugin moduleName did not match any paths pattern react-server-dom-webpack/server.edge
2025-09-25T14:28:48.258Z next:jsconfig-paths-plugin moduleName did not match any paths pattern react-server-dom-webpack/server.edge
2025-09-25T14:28:48.258Z next:jsconfig-paths-plugin moduleName did not match any paths pattern react-server-dom-webpack/server.edge
2025-09-25T14:28:48.258Z next:jsconfig-paths-plugin moduleName did not match any paths pattern react-server-dom-webpack/server.edge
2025-09-25T14:28:48.258Z next:jsconfig-paths-plugin moduleName did not match any paths pattern react-server-dom-webpack/server.edge
2025-09-25T14:28:48.260Z next:jsconfig-paths-plugin skipping request as it is an absolute path /Users/akapat/Projects/personal/opensource/convex-nextjs/components/ui/badge
2025-09-25T14:28:48.260Z next:jsconfig-paths-plugin skipping request as it is an absolute path /Users/akapat/Projects/personal/opensource/convex-nextjs/components/ui/badge
2025-09-25T14:28:48.260Z next:jsconfig-paths-plugin skipping request as it is an absolute path /Users/akapat/Projects/personal/opensource/convex-nextjs/components/ui/badge
2025-09-25T14:28:48.260Z next:jsconfig-paths-plugin skipping request as it is an absolute path /Users/akapat/Projects/personal/opensource/convex-nextjs/components/ui/badge
2025-09-25T14:28:48.260Z next:jsconfig-paths-plugin skipping request as it is an absolute path /Users/akapat/Projects/personal/opensource/convex-nextjs/components/ui/badge
2025-09-25T14:28:48.260Z next:jsconfig-paths-plugin skipping request as it is an absolute path /Users/akapat/Projects/personal/opensource/convex-nextjs/components/ui/badge
2025-09-25T14:28:48.260Z next:jsconfig-paths-plugin skipping request as it is an absolute path /Users/akapat/Projects/personal/opensource/convex-nextjs/components/ui/badge
2025-09-25T14:28:48.260Z next:jsconfig-paths-plugin skipping request as it is an absolute path /Users/akapat/Projects/personal/opensource/convex-nextjs/components/ui/badge
2025-09-25T14:28:48.261Z next:jsconfig-paths-plugin skipping request as it is an absolute path /Users/akapat/Projects/personal/opensource/convex-nextjs/components/ui/badge
2025-09-25T14:28:48.261Z next:jsconfig-paths-plugin skipping request as it is an absolute path /Users/akapat/Projects/personal/opensource/convex-nextjs/components/ui/badge
2025-09-25T14:28:48.261Z next:jsconfig-paths-plugin skipping request as it is an absolute path /Users/akapat/Projects/personal/opensource/convex-nextjs/components/ui/badge
2025-09-25T14:28:48.261Z next:jsconfig-paths-plugin skipping request as it is an absolute path /Users/akapat/Projects/personal/opensource/convex-nextjs/components/ui/badge
2025-09-25T14:28:48.261Z next:jsconfig-paths-plugin skipping request as it is an absolute path /Users/akapat/Projects/personal/opensource/convex-nextjs/components/ui/badge
2025-09-25T14:28:48.261Z next:jsconfig-paths-plugin skipping request as it is an absolute path /Users/akapat/Projects/personal/opensource/convex-nextjs/components/ui/badge
2025-09-25T14:28:48.261Z next:jsconfig-paths-plugin skipping request as it is an absolute path /Users/akapat/Projects/personal/opensource/convex-nextjs/components/ui/badge
2025-09-25T14:28:48.261Z next:jsconfig-paths-plugin skipping request as it is an absolute path /Users/akapat/Projects/personal/opensource/convex-nextjs/components/ui/badge
2025-09-25T14:28:48.262Z next:jsconfig-paths-plugin skipping request as it is an absolute path /Users/akapat/Projects/personal/opensource/convex-nextjs/components/ui/button
2025-09-25T14:28:48.262Z next:jsconfig-paths-plugin skipping request as it is an absolute path /Users/akapat/Projects/personal/opensource/convex-nextjs/components/ui/button
2025-09-25T14:28:48.262Z next:jsconfig-paths-plugin skipping request as it is an absolute path /Users/akapat/Projects/personal/opensource/convex-nextjs/components/ui/button
2025-09-25T14:28:48.262Z next:jsconfig-paths-plugin skipping request as it is an absolute path /Users/akapat/Projects/personal/opensource/convex-nextjs/components/ui/button
2025-09-25T14:28:48.262Z next:jsconfig-paths-plugin skipping request as it is an absolute path /Users/akapat/Projects/personal/opensource/convex-nextjs/components/ui/button
2025-09-25T14:28:48.262Z next:jsconfig-paths-plugin skipping request as it is an absolute path /Users/akapat/Projects/personal/opensource/convex-nextjs/components/ui/button
2025-09-25T14:28:48.262Z next:jsconfig-paths-plugin skipping request as it is an absolute path /Users/akapat/Projects/personal/opensource/convex-nextjs/components/ui/card
2025-09-25T14:28:48.262Z next:jsconfig-paths-plugin skipping request as it is an absolute path /Users/akapat/Projects/personal/opensource/convex-nextjs/components/ui/card
2025-09-25T14:28:48.262Z next:jsconfig-paths-plugin skipping request as it is an absolute path /Users/akapat/Projects/personal/opensource/convex-nextjs/components/ui/card
2025-09-25T14:28:48.262Z next:jsconfig-paths-plugin skipping request as it is an absolute path /Users/akapat/Projects/personal/opensource/convex-nextjs/components/ui/card
2025-09-25T14:28:48.263Z next:jsconfig-paths-plugin skipping request as it is an absolute path /Users/akapat/Projects/personal/opensource/convex-nextjs/components/ui/card
2025-09-25T14:28:48.263Z next:jsconfig-paths-plugin skipping request as it is an absolute path /Users/akapat/Projects/personal/opensource/convex-nextjs/components/ui/card
2025-09-25T14:28:48.263Z next:jsconfig-paths-plugin skipping request as it is a relative path ./gradient-background
2025-09-25T14:28:48.263Z next:jsconfig-paths-plugin skipping request as it is a relative path ./gradient-background
2025-09-25T14:28:48.263Z next:jsconfig-paths-plugin skipping request as it is a relative path ./gradient-background
2025-09-25T14:28:48.263Z next:jsconfig-paths-plugin skipping request as it is a relative path ./gradient-background
2025-09-25T14:28:48.263Z next:jsconfig-paths-plugin skipping request as it is a relative path ./gradient-background
2025-09-25T14:28:48.263Z next:jsconfig-paths-plugin skipping request as it is a relative path ./gradient-background
2025-09-25T14:28:48.263Z next:jsconfig-paths-plugin skipping request as it is a relative path ./gradient-background
2025-09-25T14:28:48.263Z next:jsconfig-paths-plugin skipping request as it is a relative path ./gradient-background
2025-09-25T14:28:48.263Z next:jsconfig-paths-plugin skipping request as it is a relative path ./gradient-background
2025-09-25T14:28:48.263Z next:jsconfig-paths-plugin skipping request as it is a relative path ./gradient-background
2025-09-25T14:28:48.263Z next:jsconfig-paths-plugin skipping request as it is a relative path ./gradient-background
2025-09-25T14:28:48.263Z next:jsconfig-paths-plugin skipping request as it is a relative path ./gradient-background
2025-09-25T14:28:48.263Z next:jsconfig-paths-plugin skipping request as it is a relative path ./gradient-background
2025-09-25T14:28:48.263Z next:jsconfig-paths-plugin skipping request as it is a relative path ./gradient-background
2025-09-25T14:28:48.263Z next:jsconfig-paths-plugin skipping request as it is an absolute path /Users/akapat/Projects/personal/opensource/convex-nextjs/lib/utils
2025-09-25T14:28:48.264Z next:jsconfig-paths-plugin skipping request as it is an absolute path /Users/akapat/Projects/personal/opensource/convex-nextjs/components/ui/card
2025-09-25T14:28:48.264Z next:jsconfig-paths-plugin skipping request as it is an absolute path /Users/akapat/Projects/personal/opensource/convex-nextjs/components/ui/card
2025-09-25T14:28:48.268Z next:jsconfig-paths-plugin moduleName did not match any paths pattern next/link
2025-09-25T14:28:48.268Z next:jsconfig-paths-plugin skipping request as it is an absolute path /Users/akapat/Projects/personal/opensource/convex-nextjs/node_modules/.pnpm/next@15.3.5_@opentelemetry+api@1.9.0_react-dom@19.1.0_react@19.1.0__react@19.1.0/node_modules/next/link
2025-09-25T14:28:48.268Z next:jsconfig-paths-plugin skipping request as it is inside node_modules next/dist/client/app-dir/link
2025-09-25T14:28:48.268Z next:jsconfig-paths-plugin skipping request as it is inside node_modules /Users/akapat/Projects/personal/opensource/convex-nextjs/node_modules/.pnpm/next@15.3.5_@opentelemetry+api@1.9.0_react-dom@19.1.0_react@19.1.0__react@19.1.0/node_modules/next/dist/client/app-dir/link
2025-09-25T14:28:48.268Z next:jsconfig-paths-plugin skipping request as it is an absolute path /Users/akapat/Projects/personal/opensource/convex-nextjs/components/ui/button
2025-09-25T14:28:48.268Z next:jsconfig-paths-plugin skipping request as it is an absolute path /Users/akapat/Projects/personal/opensource/convex-nextjs/components/ui/button
2025-09-25T14:28:48.269Z next:jsconfig-paths-plugin skipping request as it is inside node_modules ./app-router/server/ClerkProvider
2025-09-25T14:28:48.269Z next:jsconfig-paths-plugin skipping request as it is inside node_modules ./app-router/server/controlComponents
2025-09-25T14:28:48.270Z next:jsconfig-paths-plugin skipping request as it is inside node_modules ./ProxyTracer
2025-09-25T14:28:48.270Z next:jsconfig-paths-plugin skipping request as it is inside node_modules ./ProxyTracer
2025-09-25T14:28:48.271Z next:jsconfig-paths-plugin skipping request as it is an absolute path /Users/akapat/Projects/personal/opensource/convex-nextjs/lib/utils
2025-09-25T14:28:48.271Z next:jsconfig-paths-plugin skipping request as it is inside node_modules ./ProxyTracer
2025-09-25T14:28:48.271Z next:jsconfig-paths-plugin skipping request as it is inside node_modules ./invalid-span-constants
2025-09-25T14:28:48.271Z next:jsconfig-paths-plugin skipping request as it is inside node_modules ./invalid-span-constants
2025-09-25T14:28:48.271Z next:jsconfig-paths-plugin skipping request as it is inside node_modules ./trace_flags
2025-09-25T14:28:48.271Z next:jsconfig-paths-plugin skipping request as it is inside node_modules ./trace_flags
2025-09-25T14:28:48.271Z next:jsconfig-paths-plugin skipping request as it is inside node_modules ./ProxyTracer
2025-09-25T14:28:48.271Z next:jsconfig-paths-plugin skipping request as it is inside node_modules ./invalid-span-constants
2025-09-25T14:28:48.271Z next:jsconfig-paths-plugin skipping request as it is inside node_modules ./invalid-span-constants
2025-09-25T14:28:48.271Z next:jsconfig-paths-plugin skipping request as it is inside node_modules ./trace_flags
2025-09-25T14:28:48.271Z next:jsconfig-paths-plugin skipping request as it is inside node_modules ./trace_flags
2025-09-25T14:28:48.273Z next:jsconfig-paths-plugin skipping request as it is an absolute path /Users/akapat/Projects/personal/opensource/convex-nextjs/components/logo
2025-09-25T14:28:48.273Z next:jsconfig-paths-plugin skipping request as it is an absolute path /Users/akapat/Projects/personal/opensource/convex-nextjs/components/logo
2025-09-25T14:28:48.273Z next:jsconfig-paths-plugin skipping request as it is an absolute path /Users/akapat/Projects/personal/opensource/convex-nextjs/components/logo
2025-09-25T14:28:48.273Z next:jsconfig-paths-plugin skipping request as it is an absolute path /Users/akapat/Projects/personal/opensource/convex-nextjs/components/logo
2025-09-25T14:28:48.273Z next:jsconfig-paths-plugin moduleName did not match any paths pattern react-server-dom-webpack/server.edge
2025-09-25T14:28:48.273Z next:jsconfig-paths-plugin moduleName did not match any paths pattern react-server-dom-webpack/server.edge
2025-09-25T14:28:48.273Z next:jsconfig-paths-plugin moduleName did not match any paths pattern react-server-dom-webpack/server.edge
2025-09-25T14:28:48.273Z next:jsconfig-paths-plugin moduleName did not match any paths pattern react-server-dom-webpack/server.edge
2025-09-25T14:28:48.273Z next:jsconfig-paths-plugin moduleName did not match any paths pattern react-server-dom-webpack/server.edge
2025-09-25T14:28:48.273Z next:jsconfig-paths-plugin moduleName did not match any paths pattern react-server-dom-webpack/server.edge
2025-09-25T14:28:48.273Z next:jsconfig-paths-plugin moduleName did not match any paths pattern react-server-dom-webpack/server.edge
2025-09-25T14:28:48.273Z next:jsconfig-paths-plugin moduleName did not match any paths pattern react-server-dom-webpack/server.edge
2025-09-25T14:28:48.274Z next:jsconfig-paths-plugin moduleName did not match any paths pattern react-server-dom-webpack/server.edge
2025-09-25T14:28:48.274Z next:jsconfig-paths-plugin moduleName did not match any paths pattern react-server-dom-webpack/server.edge
2025-09-25T14:28:48.274Z next:jsconfig-paths-plugin moduleName did not match any paths pattern react-server-dom-webpack/server.edge
2025-09-25T14:28:48.274Z next:jsconfig-paths-plugin moduleName did not match any paths pattern react-server-dom-webpack/server.edge
2025-09-25T14:28:48.274Z next:jsconfig-paths-plugin moduleName did not match any paths pattern react-server-dom-webpack/server.edge
2025-09-25T14:28:48.274Z next:jsconfig-paths-plugin moduleName did not match any paths pattern react-server-dom-webpack/server.edge
2025-09-25T14:28:48.274Z next:jsconfig-paths-plugin moduleName did not match any paths pattern react-server-dom-webpack/server.edge
2025-09-25T14:28:48.274Z next:jsconfig-paths-plugin moduleName did not match any paths pattern react-server-dom-webpack/server.edge
2025-09-25T14:28:48.275Z next:jsconfig-paths-plugin moduleName did not match any paths pattern react-server-dom-webpack/server.edge
2025-09-25T14:28:48.275Z next:jsconfig-paths-plugin moduleName did not match any paths pattern react-server-dom-webpack/server.edge
2025-09-25T14:28:48.275Z next:jsconfig-paths-plugin moduleName did not match any paths pattern react-server-dom-webpack/server.edge
2025-09-25T14:28:48.275Z next:jsconfig-paths-plugin moduleName did not match any paths pattern react-server-dom-webpack/server.edge
2025-09-25T14:28:48.276Z next:jsconfig-paths-plugin skipping request as it is a relative path ./table
2025-09-25T14:28:48.276Z next:jsconfig-paths-plugin skipping request as it is a relative path ./table
2025-09-25T14:28:48.276Z next:jsconfig-paths-plugin skipping request as it is an absolute path /Users/akapat/Projects/personal/opensource/convex-nextjs/components/ui/badge
2025-09-25T14:28:48.276Z next:jsconfig-paths-plugin skipping request as it is an absolute path /Users/akapat/Projects/personal/opensource/convex-nextjs/components/ui/badge
2025-09-25T14:28:48.276Z next:jsconfig-paths-plugin skipping request as it is an absolute path /Users/akapat/Projects/personal/opensource/convex-nextjs/components/ui/badge
2025-09-25T14:28:48.276Z next:jsconfig-paths-plugin skipping request as it is an absolute path /Users/akapat/Projects/personal/opensource/convex-nextjs/components/ui/badge
2025-09-25T14:28:48.276Z next:jsconfig-paths-plugin skipping request as it is an absolute path /Users/akapat/Projects/personal/opensource/convex-nextjs/components/ui/badge
2025-09-25T14:28:48.276Z next:jsconfig-paths-plugin skipping request as it is an absolute path /Users/akapat/Projects/personal/opensource/convex-nextjs/components/ui/badge
2025-09-25T14:28:48.276Z next:jsconfig-paths-plugin skipping request as it is an absolute path /Users/akapat/Projects/personal/opensource/convex-nextjs/components/ui/badge
2025-09-25T14:28:48.276Z next:jsconfig-paths-plugin skipping request as it is an absolute path /Users/akapat/Projects/personal/opensource/convex-nextjs/components/ui/badge
2025-09-25T14:28:48.277Z next:jsconfig-paths-plugin skipping request as it is an absolute path /Users/akapat/Projects/personal/opensource/convex-nextjs/components/ui/badge
2025-09-25T14:28:48.277Z next:jsconfig-paths-plugin skipping request as it is an absolute path /Users/akapat/Projects/personal/opensource/convex-nextjs/components/ui/badge
2025-09-25T14:28:48.277Z next:jsconfig-paths-plugin skipping request as it is an absolute path /Users/akapat/Projects/personal/opensource/convex-nextjs/components/ui/badge
2025-09-25T14:28:48.277Z next:jsconfig-paths-plugin skipping request as it is an absolute path /Users/akapat/Projects/personal/opensource/convex-nextjs/components/ui/badge
2025-09-25T14:28:48.277Z next:jsconfig-paths-plugin skipping request as it is an absolute path /Users/akapat/Projects/personal/opensource/convex-nextjs/components/ui/badge
2025-09-25T14:28:48.277Z next:jsconfig-paths-plugin skipping request as it is an absolute path /Users/akapat/Projects/personal/opensource/convex-nextjs/components/ui/badge
2025-09-25T14:28:48.277Z next:jsconfig-paths-plugin skipping request as it is an absolute path /Users/akapat/Projects/personal/opensource/convex-nextjs/components/ui/badge
2025-09-25T14:28:48.277Z next:jsconfig-paths-plugin skipping request as it is an absolute path /Users/akapat/Projects/personal/opensource/convex-nextjs/components/ui/badge
2025-09-25T14:28:48.278Z next:jsconfig-paths-plugin skipping request as it is an absolute path /Users/akapat/Projects/personal/opensource/convex-nextjs/components/ui/button
2025-09-25T14:28:48.278Z next:jsconfig-paths-plugin skipping request as it is an absolute path /Users/akapat/Projects/personal/opensource/convex-nextjs/components/ui/button
2025-09-25T14:28:48.278Z next:jsconfig-paths-plugin skipping request as it is an absolute path /Users/akapat/Projects/personal/opensource/convex-nextjs/components/ui/button
2025-09-25T14:28:48.278Z next:jsconfig-paths-plugin skipping request as it is an absolute path /Users/akapat/Projects/personal/opensource/convex-nextjs/components/ui/button
2025-09-25T14:28:48.279Z next:jsconfig-paths-plugin skipping request as it is an absolute path /Users/akapat/Projects/personal/opensource/convex-nextjs/components/ui/button
2025-09-25T14:28:48.279Z next:jsconfig-paths-plugin skipping request as it is an absolute path /Users/akapat/Projects/personal/opensource/convex-nextjs/components/ui/button
2025-09-25T14:28:48.279Z next:jsconfig-paths-plugin skipping request as it is an absolute path /Users/akapat/Projects/personal/opensource/convex-nextjs/components/ui/button
2025-09-25T14:28:48.279Z next:jsconfig-paths-plugin skipping request as it is an absolute path /Users/akapat/Projects/personal/opensource/convex-nextjs/components/ui/button
2025-09-25T14:28:48.280Z next:jsconfig-paths-plugin skipping request as it is an absolute path /Users/akapat/Projects/personal/opensource/convex-nextjs/components/ui/card
2025-09-25T14:28:48.280Z next:jsconfig-paths-plugin skipping request as it is an absolute path /Users/akapat/Projects/personal/opensource/convex-nextjs/components/ui/card
2025-09-25T14:28:48.280Z next:jsconfig-paths-plugin skipping request as it is an absolute path /Users/akapat/Projects/personal/opensource/convex-nextjs/components/ui/card
2025-09-25T14:28:48.280Z next:jsconfig-paths-plugin skipping request as it is an absolute path /Users/akapat/Projects/personal/opensource/convex-nextjs/components/ui/card
2025-09-25T14:28:48.281Z next:jsconfig-paths-plugin skipping request as it is an absolute path /Users/akapat/Projects/personal/opensource/convex-nextjs/components/ui/card
2025-09-25T14:28:48.281Z next:jsconfig-paths-plugin skipping request as it is an absolute path /Users/akapat/Projects/personal/opensource/convex-nextjs/components/ui/card
2025-09-25T14:28:48.281Z next:jsconfig-paths-plugin skipping request as it is an absolute path /Users/akapat/Projects/personal/opensource/convex-nextjs/components/ui/card
2025-09-25T14:28:48.281Z next:jsconfig-paths-plugin skipping request as it is an absolute path /Users/akapat/Projects/personal/opensource/convex-nextjs/components/ui/card
2025-09-25T14:28:48.281Z next:jsconfig-paths-plugin skipping request as it is a relative path ./gradient-background
2025-09-25T14:28:48.281Z next:jsconfig-paths-plugin skipping request as it is a relative path ./gradient-background
2025-09-25T14:28:48.281Z next:jsconfig-paths-plugin skipping request as it is a relative path ./gradient-background
2025-09-25T14:28:48.281Z next:jsconfig-paths-plugin skipping request as it is a relative path ./gradient-background
2025-09-25T14:28:48.281Z next:jsconfig-paths-plugin skipping request as it is a relative path ./gradient-background
2025-09-25T14:28:48.281Z next:jsconfig-paths-plugin skipping request as it is a relative path ./gradient-background
2025-09-25T14:28:48.281Z next:jsconfig-paths-plugin skipping request as it is a relative path ./gradient-background
2025-09-25T14:28:48.281Z next:jsconfig-paths-plugin skipping request as it is a relative path ./gradient-background
2025-09-25T14:28:48.281Z next:jsconfig-paths-plugin skipping request as it is a relative path ./gradient-background
2025-09-25T14:28:48.281Z next:jsconfig-paths-plugin skipping request as it is a relative path ./gradient-background
2025-09-25T14:28:48.281Z next:jsconfig-paths-plugin skipping request as it is a relative path ./gradient-background
2025-09-25T14:28:48.281Z next:jsconfig-paths-plugin skipping request as it is a relative path ./gradient-background
2025-09-25T14:28:48.281Z next:jsconfig-paths-plugin skipping request as it is a relative path ./gradient-background
2025-09-25T14:28:48.281Z next:jsconfig-paths-plugin skipping request as it is a relative path ./gradient-background
2025-09-25T14:28:48.282Z next:jsconfig-paths-plugin skipping request as it is a relative path ./cpu-architecture
2025-09-25T14:28:48.282Z next:jsconfig-paths-plugin skipping request as it is a relative path ./cpu-architecture
2025-09-25T14:28:48.282Z next:jsconfig-paths-plugin skipping request as it is a relative path ./animated-list-custom
2025-09-25T14:28:48.282Z next:jsconfig-paths-plugin skipping request as it is a relative path ./animated-list-custom
2025-09-25T14:28:48.282Z next:jsconfig-paths-plugin skipping request as it is an absolute path /Users/akapat/Projects/personal/opensource/convex-nextjs/components/ui/avatar
2025-09-25T14:28:48.282Z next:jsconfig-paths-plugin skipping request as it is an absolute path /Users/akapat/Projects/personal/opensource/convex-nextjs/components/ui/avatar
2025-09-25T14:28:48.285Z next:jsconfig-paths-plugin skipping request as it is inside node_modules react-server-dom-webpack/server.edge
2025-09-25T14:28:48.285Z next:jsconfig-paths-plugin skipping request as it is inside node_modules react-server-dom-webpack/server.edge
2025-09-25T14:28:48.285Z next:jsconfig-paths-plugin skipping request as it is inside node_modules react-server-dom-webpack/server.edge
2025-09-25T14:28:48.285Z next:jsconfig-paths-plugin skipping request as it is an absolute path /Users/akapat/Projects/personal/opensource/convex-nextjs/components/react-bits/pixel-card
2025-09-25T14:28:48.285Z next:jsconfig-paths-plugin skipping request as it is an absolute path /Users/akapat/Projects/personal/opensource/convex-nextjs/components/react-bits/pixel-card
2025-09-25T14:28:48.285Z next:jsconfig-paths-plugin skipping request as it is inside node_modules ./api/context
2025-09-25T14:28:48.285Z next:jsconfig-paths-plugin skipping request as it is inside node_modules ./api/context
2025-09-25T14:28:48.285Z next:jsconfig-paths-plugin skipping request as it is inside node_modules ./api/metrics
2025-09-25T14:28:48.285Z next:jsconfig-paths-plugin skipping request as it is inside node_modules ./api/metrics
2025-09-25T14:28:48.285Z next:jsconfig-paths-plugin skipping request as it is inside node_modules ./api/diag
2025-09-25T14:28:48.286Z next:jsconfig-paths-plugin skipping request as it is inside node_modules ./api/diag
2025-09-25T14:28:48.286Z next:jsconfig-paths-plugin skipping request as it is inside node_modules ../api/diag
2025-09-25T14:28:48.286Z next:jsconfig-paths-plugin skipping request as it is inside node_modules ../api/diag
2025-09-25T14:28:48.287Z next:jsconfig-paths-plugin skipping request as it is inside node_modules ../../client-boundary/PromisifiedAuthProvider
2025-09-25T14:28:48.287Z next:jsconfig-paths-plugin skipping request as it is inside node_modules ../../server/buildClerkProps
2025-09-25T14:28:48.287Z next:jsconfig-paths-plugin skipping request as it is inside node_modules ../../utils/mergeNextClerkPropsWithEnv
2025-09-25T14:28:48.287Z next:jsconfig-paths-plugin skipping request as it is inside node_modules next/headers
2025-09-25T14:28:48.287Z next:jsconfig-paths-plugin skipping request as it is inside node_modules /Users/akapat/Projects/personal/opensource/convex-nextjs/node_modules/.pnpm/next@15.3.5_@opentelemetry+api@1.9.0_react-dom@19.1.0_react@19.1.0__react@19.1.0/node_modules/next/headers
2025-09-25T14:28:48.287Z next:jsconfig-paths-plugin skipping request as it is inside node_modules next/dist/api/image
2025-09-25T14:28:48.287Z next:jsconfig-paths-plugin skipping request as it is inside node_modules /Users/akapat/Projects/personal/opensource/convex-nextjs/node_modules/.pnpm/next@15.3.5_@opentelemetry+api@1.9.0_react-dom@19.1.0_react@19.1.0__react@19.1.0/node_modules/next/dist/api/image
2025-09-25T14:28:48.288Z next:jsconfig-paths-plugin skipping request as it is inside node_modules ./api/context
2025-09-25T14:28:48.288Z next:jsconfig-paths-plugin skipping request as it is inside node_modules ./api/context
2025-09-25T14:28:48.288Z next:jsconfig-paths-plugin skipping request as it is inside node_modules ./api/metrics
2025-09-25T14:28:48.288Z next:jsconfig-paths-plugin skipping request as it is inside node_modules ./api/metrics
2025-09-25T14:28:48.288Z next:jsconfig-paths-plugin skipping request as it is inside node_modules ./api/diag
2025-09-25T14:28:48.288Z next:jsconfig-paths-plugin skipping request as it is inside node_modules ./api/diag
2025-09-25T14:28:48.288Z next:jsconfig-paths-plugin skipping request as it is inside node_modules ../api/diag
2025-09-25T14:28:48.288Z next:jsconfig-paths-plugin skipping request as it is inside node_modules ../api/diag
2025-09-25T14:28:48.288Z next:jsconfig-paths-plugin skipping request as it is inside node_modules ../../client-boundary/PromisifiedAuthProvider
2025-09-25T14:28:48.288Z next:jsconfig-paths-plugin skipping request as it is inside node_modules ./api/trace
2025-09-25T14:28:48.288Z next:jsconfig-paths-plugin skipping request as it is inside node_modules ./api/trace
2025-09-25T14:28:48.288Z next:jsconfig-paths-plugin skipping request as it is inside node_modules ./api/trace
2025-09-25T14:28:48.288Z next:jsconfig-paths-plugin skipping request as it is inside node_modules ./api/trace
2025-09-25T14:28:48.288Z next:jsconfig-paths-plugin skipping request as it is inside node_modules ./api/propagation
2025-09-25T14:28:48.288Z next:jsconfig-paths-plugin skipping request as it is inside node_modules ./api/propagation
2025-09-25T14:28:48.288Z next:jsconfig-paths-plugin skipping request as it is inside node_modules ./api/propagation
2025-09-25T14:28:48.288Z next:jsconfig-paths-plugin skipping request as it is inside node_modules ./api/propagation
2025-09-25T14:28:48.289Z next:jsconfig-paths-plugin skipping request as it is inside node_modules ./internal/baggage-impl
2025-09-25T14:28:48.289Z next:jsconfig-paths-plugin skipping request as it is inside node_modules ./internal/baggage-impl
2025-09-25T14:28:48.289Z next:jsconfig-paths-plugin skipping request as it is inside node_modules ./internal/symbol
2025-09-25T14:28:48.289Z next:jsconfig-paths-plugin skipping request as it is inside node_modules ./internal/symbol
2025-09-25T14:28:48.289Z next:jsconfig-paths-plugin skipping request as it is inside node_modules ./NoopTracer
2025-09-25T14:28:48.289Z next:jsconfig-paths-plugin skipping request as it is inside node_modules ./NoopTracer
2025-09-25T14:28:48.289Z next:jsconfig-paths-plugin skipping request as it is inside node_modules ./NoopTracer
2025-09-25T14:28:48.289Z next:jsconfig-paths-plugin skipping request as it is inside node_modules ./NoopTracer
2025-09-25T14:28:48.289Z next:jsconfig-paths-plugin skipping request as it is an absolute path /Users/akapat/Projects/personal/opensource/convex-nextjs/lib/utils
2025-09-25T14:28:48.289Z next:jsconfig-paths-plugin skipping request as it is an absolute path /Users/akapat/Projects/personal/opensource/convex-nextjs/lib/utils
2025-09-25T14:28:48.289Z next:jsconfig-paths-plugin skipping request as it is inside node_modules ./NonRecordingSpan
2025-09-25T14:28:48.289Z next:jsconfig-paths-plugin skipping request as it is inside node_modules ./NonRecordingSpan
2025-09-25T14:28:48.289Z next:jsconfig-paths-plugin skipping request as it is inside node_modules ./NonRecordingSpan
2025-09-25T14:28:48.289Z next:jsconfig-paths-plugin skipping request as it is inside node_modules ./NonRecordingSpan
2025-09-25T14:28:48.289Z next:jsconfig-paths-plugin skipping request as it is inside node_modules ./tracestate-impl
2025-09-25T14:28:48.289Z next:jsconfig-paths-plugin skipping request as it is inside node_modules ./tracestate-impl
2025-09-25T14:28:48.289Z next:jsconfig-paths-plugin skipping request as it is inside node_modules ./tracestate-impl
2025-09-25T14:28:48.289Z next:jsconfig-paths-plugin skipping request as it is inside node_modules ./tracestate-impl
2025-09-25T14:28:48.289Z next:jsconfig-paths-plugin skipping request as it is inside node_modules ./NoopTracerProvider
2025-09-25T14:28:48.289Z next:jsconfig-paths-plugin skipping request as it is inside node_modules ./NoopTracerProvider
2025-09-25T14:28:48.289Z next:jsconfig-paths-plugin skipping request as it is inside node_modules ./NoopTracerProvider
2025-09-25T14:28:48.289Z next:jsconfig-paths-plugin skipping request as it is inside node_modules ./NoopTracerProvider
2025-09-25T14:28:48.290Z next:jsconfig-paths-plugin skipping request as it is an absolute path /Users/akapat/Projects/personal/opensource/convex-nextjs/components/logo
2025-09-25T14:28:48.290Z next:jsconfig-paths-plugin skipping request as it is an absolute path /Users/akapat/Projects/personal/opensource/convex-nextjs/components/logo
2025-09-25T14:28:48.290Z next:jsconfig-paths-plugin skipping request as it is an absolute path /Users/akapat/Projects/personal/opensource/convex-nextjs/components/logo
2025-09-25T14:28:48.290Z next:jsconfig-paths-plugin skipping request as it is an absolute path /Users/akapat/Projects/personal/opensource/convex-nextjs/components/logo
2025-09-25T14:28:48.290Z next:jsconfig-paths-plugin skipping request as it is a relative path ./table
2025-09-25T14:28:48.290Z next:jsconfig-paths-plugin skipping request as it is a relative path ./table
2025-09-25T14:28:48.292Z next:jsconfig-paths-plugin skipping request as it is inside node_modules ../../utils/sdk-versions
2025-09-25T14:28:48.292Z next:jsconfig-paths-plugin skipping request as it is inside node_modules ../client/ClerkProvider
2025-09-25T14:28:48.292Z next:jsconfig-paths-plugin skipping request as it is inside node_modules ./keyless-provider
2025-09-25T14:28:48.292Z next:jsconfig-paths-plugin skipping request as it is inside node_modules ./utils
2025-09-25T14:28:48.292Z next:jsconfig-paths-plugin skipping request as it is inside node_modules ./auth
2025-09-25T14:28:48.293Z next:jsconfig-paths-plugin skipping request as it is inside node_modules ../../server/buildClerkProps
2025-09-25T14:28:48.293Z next:jsconfig-paths-plugin skipping request as it is inside node_modules ../../utils/mergeNextClerkPropsWithEnv
2025-09-25T14:28:48.293Z next:jsconfig-paths-plugin skipping request as it is inside node_modules ./internal/baggage-impl
2025-09-25T14:28:48.293Z next:jsconfig-paths-plugin skipping request as it is inside node_modules ./internal/baggage-impl
2025-09-25T14:28:48.293Z next:jsconfig-paths-plugin skipping request as it is inside node_modules ./internal/symbol
2025-09-25T14:28:48.293Z next:jsconfig-paths-plugin skipping request as it is inside node_modules ./internal/symbol
2025-09-25T14:28:48.293Z next:jsconfig-paths-plugin skipping request as it is inside node_modules ../../utils/sdk-versions
2025-09-25T14:28:48.295Z next:jsconfig-paths-plugin skipping request as it is inside node_modules ./keyless-provider
2025-09-25T14:28:48.295Z next:jsconfig-paths-plugin skipping request as it is inside node_modules ./utils
2025-09-25T14:28:48.295Z next:jsconfig-paths-plugin skipping request as it is inside node_modules ./auth
2025-09-25T14:28:48.296Z next:jsconfig-paths-plugin skipping request as it is a relative path ./cpu-architecture
2025-09-25T14:28:48.296Z next:jsconfig-paths-plugin skipping request as it is a relative path ./cpu-architecture
2025-09-25T14:28:48.296Z next:jsconfig-paths-plugin skipping request as it is a relative path ./animated-list-custom
2025-09-25T14:28:48.296Z next:jsconfig-paths-plugin skipping request as it is a relative path ./animated-list-custom
2025-09-25T14:28:48.297Z next:jsconfig-paths-plugin skipping request as it is an absolute path /Users/akapat/Projects/personal/opensource/convex-nextjs/components/ui/avatar
2025-09-25T14:28:48.297Z next:jsconfig-paths-plugin skipping request as it is an absolute path /Users/akapat/Projects/personal/opensource/convex-nextjs/components/ui/avatar
2025-09-25T14:28:48.298Z next:jsconfig-paths-plugin skipping request as it is inside node_modules ../client/ClerkProvider
2025-09-25T14:28:48.302Z next:jsconfig-paths-plugin skipping request as it is an absolute path /Users/akapat/Projects/personal/opensource/convex-nextjs/components/react-bits/pixel-card
2025-09-25T14:28:48.302Z next:jsconfig-paths-plugin skipping request as it is an absolute path /Users/akapat/Projects/personal/opensource/convex-nextjs/components/react-bits/pixel-card
2025-09-25T14:28:48.302Z next:jsconfig-paths-plugin skipping request as it is inside node_modules react-server-dom-webpack/server.edge
2025-09-25T14:28:48.303Z next:jsconfig-paths-plugin skipping request as it is an absolute path /Users/akapat/Projects/personal/opensource/convex-nextjs/lib/utils
2025-09-25T14:28:48.303Z next:jsconfig-paths-plugin skipping request as it is an absolute path /Users/akapat/Projects/personal/opensource/convex-nextjs/lib/utils
2025-09-25T14:28:48.303Z next:jsconfig-paths-plugin skipping request as it is an absolute path /Users/akapat/Projects/personal/opensource/convex-nextjs/lib/utils
2025-09-25T14:28:48.303Z next:jsconfig-paths-plugin skipping request as it is an absolute path /Users/akapat/Projects/personal/opensource/convex-nextjs/lib/utils
2025-09-25T14:28:48.306Z next:jsconfig-paths-plugin skipping request as it is inside node_modules ../../utils/mergeNextClerkPropsWithEnv
2025-09-25T14:28:48.306Z next:jsconfig-paths-plugin skipping request as it is inside node_modules ../client/ClerkProvider
2025-09-25T14:28:48.306Z next:jsconfig-paths-plugin skipping request as it is inside node_modules ../../utils/mergeNextClerkPropsWithEnv
2025-09-25T14:28:48.306Z next:jsconfig-paths-plugin skipping request as it is inside node_modules ../client/ClerkProvider
2025-09-25T14:28:48.308Z next:jsconfig-paths-plugin skipping request as it is inside node_modules ../utils/feature-flags
2025-09-25T14:28:48.308Z next:jsconfig-paths-plugin skipping request as it is inside node_modules ./createClerkClient
2025-09-25T14:28:48.308Z next:jsconfig-paths-plugin skipping request as it is inside node_modules ./fs/utils
2025-09-25T14:28:48.308Z next:jsconfig-paths-plugin skipping request as it is inside node_modules ./data/getAuthDataFromRequest
2025-09-25T14:28:48.308Z next:jsconfig-paths-plugin skipping request as it is inside node_modules ../server/constants
2025-09-25T14:28:48.308Z next:jsconfig-paths-plugin skipping request as it is inside node_modules ../../server/createClerkClient
2025-09-25T14:28:48.308Z next:jsconfig-paths-plugin skipping request as it is inside node_modules ../../server/keyless-custom-headers
2025-09-25T14:28:48.308Z next:jsconfig-paths-plugin skipping request as it is inside node_modules ../../utils/feature-flags
2025-09-25T14:28:48.308Z next:jsconfig-paths-plugin skipping request as it is inside node_modules ../../utils/only-try
2025-09-25T14:28:48.308Z next:jsconfig-paths-plugin skipping request as it is inside node_modules ../keyless-actions
2025-09-25T14:28:48.308Z next:jsconfig-paths-plugin skipping request as it is inside node_modules next/server
2025-09-25T14:28:48.308Z next:jsconfig-paths-plugin skipping request as it is inside node_modules /Users/akapat/Projects/personal/opensource/convex-nextjs/node_modules/.pnpm/next@15.3.5_@opentelemetry+api@1.9.0_react-dom@19.1.0_react@19.1.0__react@19.1.0/node_modules/next/server
2025-09-25T14:28:48.308Z next:jsconfig-paths-plugin skipping request as it is inside node_modules next/dist/api/server
2025-09-25T14:28:48.308Z next:jsconfig-paths-plugin skipping request as it is inside node_modules /Users/akapat/Projects/personal/opensource/convex-nextjs/node_modules/.pnpm/next@15.3.5_@opentelemetry+api@1.9.0_react-dom@19.1.0_react@19.1.0__react@19.1.0/node_modules/next/dist/api/server
2025-09-25T14:28:48.310Z next:jsconfig-paths-plugin skipping request as it is inside node_modules react-server-dom-webpack/server.edge
2025-09-25T14:28:48.310Z next:jsconfig-paths-plugin skipping request as it is inside node_modules react-server-dom-webpack/server.edge
2025-09-25T14:28:48.310Z next:jsconfig-paths-plugin skipping request as it is inside node_modules react-server-dom-webpack/server.edge
2025-09-25T14:28:48.310Z next:jsconfig-paths-plugin skipping request as it is inside node_modules react-server-dom-webpack/server.edge
2025-09-25T14:28:48.310Z next:jsconfig-paths-plugin moduleName did not match any paths pattern react-server-dom-webpack/server.edge
2025-09-25T14:28:48.310Z next:jsconfig-paths-plugin moduleName did not match any paths pattern react-server-dom-webpack/server.edge
2025-09-25T14:28:48.310Z next:jsconfig-paths-plugin moduleName did not match any paths pattern react-server-dom-webpack/server.edge
2025-09-25T14:28:48.310Z next:jsconfig-paths-plugin moduleName did not match any paths pattern react-server-dom-webpack/server.edge
2025-09-25T14:28:48.310Z next:jsconfig-paths-plugin moduleName did not match any paths pattern react-server-dom-webpack/server.edge
2025-09-25T14:28:48.310Z next:jsconfig-paths-plugin moduleName did not match any paths pattern react-server-dom-webpack/server.edge
2025-09-25T14:28:48.310Z next:jsconfig-paths-plugin moduleName did not match any paths pattern react-server-dom-webpack/server.edge
2025-09-25T14:28:48.310Z next:jsconfig-paths-plugin moduleName did not match any paths pattern react-server-dom-webpack/server.edge
2025-09-25T14:28:48.311Z next:jsconfig-paths-plugin skipping request as it is inside node_modules ../utils/feature-flags
2025-09-25T14:28:48.311Z next:jsconfig-paths-plugin skipping request as it is inside node_modules ../../utils/feature-flags
2025-09-25T14:28:48.311Z next:jsconfig-paths-plugin skipping request as it is inside node_modules ./createClerkClient
2025-09-25T14:28:48.312Z next:jsconfig-paths-plugin skipping request as it is inside node_modules ../../server/createClerkClient
2025-09-25T14:28:48.312Z next:jsconfig-paths-plugin skipping request as it is inside node_modules ../server/constants
2025-09-25T14:28:48.312Z next:jsconfig-paths-plugin skipping request as it is inside node_modules ../../server/keyless-custom-headers
2025-09-25T14:28:48.312Z next:jsconfig-paths-plugin skipping request as it is inside node_modules ../../utils/only-try
2025-09-25T14:28:48.312Z next:jsconfig-paths-plugin skipping request as it is inside node_modules ../keyless-actions
2025-09-25T14:28:48.314Z next:jsconfig-paths-plugin skipping request as it is inside node_modules ../../utils/sdk-versions
2025-09-25T14:28:48.314Z next:jsconfig-paths-plugin skipping request as it is inside node_modules ./utils
2025-09-25T14:28:48.314Z next:jsconfig-paths-plugin skipping request as it is an absolute path /Users/akapat/Projects/personal/opensource/convex-nextjs/lib/utils
2025-09-25T14:28:48.314Z next:jsconfig-paths-plugin skipping request as it is an absolute path /Users/akapat/Projects/personal/opensource/convex-nextjs/lib/utils
2025-09-25T14:28:48.314Z next:jsconfig-paths-plugin skipping request as it is an absolute path /Users/akapat/Projects/personal/opensource/convex-nextjs/lib/utils
2025-09-25T14:28:48.314Z next:jsconfig-paths-plugin skipping request as it is inside node_modules ../../utils/sdk-versions
2025-09-25T14:28:48.314Z next:jsconfig-paths-plugin skipping request as it is inside node_modules ./utils
2025-09-25T14:28:48.314Z next:jsconfig-paths-plugin skipping request as it is an absolute path /Users/akapat/Projects/personal/opensource/convex-nextjs/lib/utils
2025-09-25T14:28:48.314Z next:jsconfig-paths-plugin skipping request as it is an absolute path /Users/akapat/Projects/personal/opensource/convex-nextjs/lib/utils
2025-09-25T14:28:48.314Z next:jsconfig-paths-plugin skipping request as it is an absolute path /Users/akapat/Projects/personal/opensource/convex-nextjs/lib/utils
2025-09-25T14:28:48.316Z next:jsconfig-paths-plugin skipping request as it is inside node_modules ../../server/constants
2025-09-25T14:28:48.316Z next:jsconfig-paths-plugin skipping request as it is inside node_modules ../../server/createGetAuth
2025-09-25T14:28:48.316Z next:jsconfig-paths-plugin skipping request as it is inside node_modules ../../server/errors
2025-09-25T14:28:48.316Z next:jsconfig-paths-plugin skipping request as it is inside node_modules ../../server/headers-utils
2025-09-25T14:28:48.316Z next:jsconfig-paths-plugin skipping request as it is inside node_modules ../../server/nextErrors
2025-09-25T14:28:48.316Z next:jsconfig-paths-plugin skipping request as it is inside node_modules ../../server/protect
2025-09-25T14:28:48.316Z next:jsconfig-paths-plugin skipping request as it is inside node_modules ../../server/utils
2025-09-25T14:28:48.316Z next:jsconfig-paths-plugin skipping request as it is inside node_modules react-server-dom-webpack/server.edge
2025-09-25T14:28:48.316Z next:jsconfig-paths-plugin skipping request as it is inside node_modules next/navigation
2025-09-25T14:28:48.316Z next:jsconfig-paths-plugin skipping request as it is an absolute path /Users/akapat/Projects/personal/opensource/convex-nextjs/lib/utils
2025-09-25T14:28:48.316Z next:jsconfig-paths-plugin skipping request as it is an absolute path /Users/akapat/Projects/personal/opensource/convex-nextjs/lib/utils
2025-09-25T14:28:48.316Z next:jsconfig-paths-plugin skipping request as it is an absolute path /Users/akapat/Projects/personal/opensource/convex-nextjs/lib/utils
2025-09-25T14:28:48.316Z next:jsconfig-paths-plugin skipping request as it is inside node_modules /Users/akapat/Projects/personal/opensource/convex-nextjs/node_modules/.pnpm/next@15.3.5_@opentelemetry+api@1.9.0_react-dom@19.1.0_react@19.1.0__react@19.1.0/node_modules/next/navigation
2025-09-25T14:28:48.316Z next:jsconfig-paths-plugin skipping request as it is inside node_modules ../../server/constants
2025-09-25T14:28:48.317Z next:jsconfig-paths-plugin skipping request as it is inside node_modules next/dist/api/navigation.react-server
2025-09-25T14:28:48.317Z next:jsconfig-paths-plugin skipping request as it is inside node_modules /Users/akapat/Projects/personal/opensource/convex-nextjs/node_modules/.pnpm/next@15.3.5_@opentelemetry+api@1.9.0_react-dom@19.1.0_react@19.1.0__react@19.1.0/node_modules/next/dist/api/navigation.react-server
2025-09-25T14:28:48.317Z next:jsconfig-paths-plugin skipping request as it is an absolute path /Users/akapat/Projects/personal/opensource/convex-nextjs/lib/utils
2025-09-25T14:28:48.317Z next:jsconfig-paths-plugin skipping request as it is an absolute path /Users/akapat/Projects/personal/opensource/convex-nextjs/lib/utils
2025-09-25T14:28:48.317Z next:jsconfig-paths-plugin skipping request as it is an absolute path /Users/akapat/Projects/personal/opensource/convex-nextjs/lib/utils
2025-09-25T14:28:48.319Z next:jsconfig-paths-plugin skipping request as it is inside node_modules ./fs/utils
2025-09-25T14:28:48.319Z next:jsconfig-paths-plugin skipping request as it is inside node_modules ./data/getAuthDataFromRequest
2025-09-25T14:28:48.319Z next:jsconfig-paths-plugin skipping request as it is inside node_modules ../../server/createGetAuth
2025-09-25T14:28:48.319Z next:jsconfig-paths-plugin skipping request as it is inside node_modules ../../server/errors
2025-09-25T14:28:48.319Z next:jsconfig-paths-plugin skipping request as it is inside node_modules ../../server/headers-utils
2025-09-25T14:28:48.320Z next:jsconfig-paths-plugin skipping request as it is inside node_modules ../../server/nextErrors
2025-09-25T14:28:48.320Z next:jsconfig-paths-plugin skipping request as it is inside node_modules ../../server/protect
2025-09-25T14:28:48.320Z next:jsconfig-paths-plugin skipping request as it is inside node_modules ../../server/utils
2025-09-25T14:28:48.321Z next:jsconfig-paths-plugin skipping request as it is inside node_modules ./NonRecordingSpan
2025-09-25T14:28:48.321Z next:jsconfig-paths-plugin skipping request as it is inside node_modules ./NonRecordingSpan
2025-09-25T14:28:48.321Z next:jsconfig-paths-plugin skipping request as it is inside node_modules ./NonRecordingSpan
2025-09-25T14:28:48.321Z next:jsconfig-paths-plugin skipping request as it is inside node_modules ./NonRecordingSpan
2025-09-25T14:28:48.324Z next:jsconfig-paths-plugin skipping request as it is inside node_modules ../api/context
2025-09-25T14:28:48.324Z next:jsconfig-paths-plugin skipping request as it is inside node_modules ./spancontext-utils
2025-09-25T14:28:48.324Z next:jsconfig-paths-plugin skipping request as it is inside node_modules ../api/context
2025-09-25T14:28:48.324Z next:jsconfig-paths-plugin skipping request as it is inside node_modules ./spancontext-utils
2025-09-25T14:28:48.324Z next:jsconfig-paths-plugin skipping request as it is inside node_modules ./diag
2025-09-25T14:28:48.324Z next:jsconfig-paths-plugin skipping request as it is inside node_modules ./diag
2025-09-25T14:28:48.324Z next:jsconfig-paths-plugin skipping request as it is inside node_modules ../diag/types
2025-09-25T14:28:48.324Z next:jsconfig-paths-plugin skipping request as it is inside node_modules ../api/context
2025-09-25T14:28:48.324Z next:jsconfig-paths-plugin skipping request as it is inside node_modules ./spancontext-utils
2025-09-25T14:28:48.324Z next:jsconfig-paths-plugin skipping request as it is inside node_modules ../api/context
2025-09-25T14:28:48.324Z next:jsconfig-paths-plugin skipping request as it is inside node_modules ./spancontext-utils
2025-09-25T14:28:48.324Z next:jsconfig-paths-plugin skipping request as it is inside node_modules ./diag
2025-09-25T14:28:48.324Z next:jsconfig-paths-plugin skipping request as it is inside node_modules ./diag
2025-09-25T14:28:48.324Z next:jsconfig-paths-plugin skipping request as it is inside node_modules ../diag/types
2025-09-25T14:28:48.327Z next:jsconfig-paths-plugin skipping request as it is inside node_modules react-server-dom-webpack/server.edge
2025-09-25T14:28:48.327Z next:jsconfig-paths-plugin skipping request as it is inside node_modules react-server-dom-webpack/server.edge
2025-09-25T14:28:48.327Z next:jsconfig-paths-plugin moduleName did not match any paths pattern react-server-dom-webpack/server.edge
2025-09-25T14:28:48.327Z next:jsconfig-paths-plugin moduleName did not match any paths pattern react-server-dom-webpack/server.edge
2025-09-25T14:28:48.327Z next:jsconfig-paths-plugin skipping request as it is inside node_modules ./diag
2025-09-25T14:28:48.327Z next:jsconfig-paths-plugin skipping request as it is inside node_modules ./diag
2025-09-25T14:28:48.327Z next:jsconfig-paths-plugin skipping request as it is inside node_modules ./diag
2025-09-25T14:28:48.327Z next:jsconfig-paths-plugin skipping request as it is inside node_modules ./diag
2025-09-25T14:28:48.328Z next:jsconfig-paths-plugin skipping request as it is inside node_modules ./diag
2025-09-25T14:28:48.328Z next:jsconfig-paths-plugin skipping request as it is inside node_modules ./diag
2025-09-25T14:28:48.328Z next:jsconfig-paths-plugin skipping request as it is inside node_modules ./invalid-span-constants
2025-09-25T14:28:48.328Z next:jsconfig-paths-plugin skipping request as it is inside node_modules ./invalid-span-constants
2025-09-25T14:28:48.328Z next:jsconfig-paths-plugin skipping request as it is inside node_modules ./diag
2025-09-25T14:28:48.328Z next:jsconfig-paths-plugin skipping request as it is inside node_modules ./diag
2025-09-25T14:28:48.328Z next:jsconfig-paths-plugin skipping request as it is inside node_modules ./diag
2025-09-25T14:28:48.328Z next:jsconfig-paths-plugin skipping request as it is inside node_modules ./diag
2025-09-25T14:28:48.328Z next:jsconfig-paths-plugin skipping request as it is inside node_modules ./diag
2025-09-25T14:28:48.328Z next:jsconfig-paths-plugin skipping request as it is inside node_modules ./diag
2025-09-25T14:28:48.328Z next:jsconfig-paths-plugin skipping request as it is inside node_modules ./invalid-span-constants
2025-09-25T14:28:48.328Z next:jsconfig-paths-plugin skipping request as it is inside node_modules ./invalid-span-constants
2025-09-25T14:28:48.329Z next:jsconfig-paths-plugin skipping request as it is inside node_modules ../diag/types
2025-09-25T14:28:48.329Z next:jsconfig-paths-plugin skipping request as it is inside node_modules ../trace/ProxyTracerProvider
2025-09-25T14:28:48.329Z next:jsconfig-paths-plugin skipping request as it is inside node_modules ../trace/spancontext-utils
2025-09-25T14:28:48.329Z next:jsconfig-paths-plugin skipping request as it is inside node_modules ../trace/ProxyTracerProvider
2025-09-25T14:28:48.329Z next:jsconfig-paths-plugin skipping request as it is inside node_modules ../trace/spancontext-utils
2025-09-25T14:28:48.329Z next:jsconfig-paths-plugin skipping request as it is inside node_modules ../propagation/TextMapPropagator
2025-09-25T14:28:48.329Z next:jsconfig-paths-plugin skipping request as it is inside node_modules ../baggage/utils
2025-09-25T14:28:48.329Z next:jsconfig-paths-plugin skipping request as it is inside node_modules ../propagation/TextMapPropagator
2025-09-25T14:28:48.329Z next:jsconfig-paths-plugin skipping request as it is inside node_modules ../baggage/utils
2025-09-25T14:28:48.329Z next:jsconfig-paths-plugin skipping request as it is inside node_modules ../diag/types
2025-09-25T14:28:48.329Z next:jsconfig-paths-plugin skipping request as it is inside node_modules ../trace/ProxyTracerProvider
2025-09-25T14:28:48.329Z next:jsconfig-paths-plugin skipping request as it is inside node_modules ../trace/spancontext-utils
2025-09-25T14:28:48.329Z next:jsconfig-paths-plugin skipping request as it is inside node_modules ../trace/ProxyTracerProvider
2025-09-25T14:28:48.329Z next:jsconfig-paths-plugin skipping request as it is inside node_modules ../trace/spancontext-utils
2025-09-25T14:28:48.329Z next:jsconfig-paths-plugin skipping request as it is inside node_modules ../propagation/TextMapPropagator
2025-09-25T14:28:48.329Z next:jsconfig-paths-plugin skipping request as it is inside node_modules ../baggage/utils
2025-09-25T14:28:48.329Z next:jsconfig-paths-plugin skipping request as it is inside node_modules ../propagation/TextMapPropagator
2025-09-25T14:28:48.329Z next:jsconfig-paths-plugin skipping request as it is inside node_modules ../baggage/utils
2025-09-25T14:28:48.332Z next:jsconfig-paths-plugin skipping request as it is inside node_modules ./createClerkClient
2025-09-25T14:28:48.332Z next:jsconfig-paths-plugin skipping request as it is inside node_modules ./fs/utils
2025-09-25T14:28:48.332Z next:jsconfig-paths-plugin skipping request as it is inside node_modules ../server/constants
2025-09-25T14:28:48.332Z next:jsconfig-paths-plugin skipping request as it is inside node_modules react-server-dom-webpack/server.edge
2025-09-25T14:28:48.332Z next:jsconfig-paths-plugin skipping request as it is inside node_modules ./NoopTracer
2025-09-25T14:28:48.332Z next:jsconfig-paths-plugin skipping request as it is inside node_modules ./NoopTracer
2025-09-25T14:28:48.332Z next:jsconfig-paths-plugin skipping request as it is inside node_modules ./createClerkClient
2025-09-25T14:28:48.332Z next:jsconfig-paths-plugin skipping request as it is inside node_modules ../server/constants
2025-09-25T14:28:48.332Z next:jsconfig-paths-plugin skipping request as it is inside node_modules ./fs/utils
2025-09-25T14:28:48.332Z next:jsconfig-paths-plugin skipping request as it is inside node_modules ./NoopTracer
2025-09-25T14:28:48.332Z next:jsconfig-paths-plugin skipping request as it is inside node_modules ./NoopTracer
2025-09-25T14:28:48.332Z next:jsconfig-paths-plugin skipping request as it is inside node_modules react-server-dom-webpack/server.edge
2025-09-25T14:28:48.335Z next:jsconfig-paths-plugin moduleName did not match any paths pattern react-server-dom-webpack/server.edge
2025-09-25T14:28:48.335Z next:jsconfig-paths-plugin skipping request as it is inside node_modules ./keyless-custom-headers
2025-09-25T14:28:48.335Z next:jsconfig-paths-plugin skipping request as it is inside node_modules ./sdk-versions
2025-09-25T14:28:48.335Z next:jsconfig-paths-plugin skipping request as it is inside node_modules ./constants
2025-09-25T14:28:48.335Z next:jsconfig-paths-plugin skipping request as it is inside node_modules ../server/errorThrower
2025-09-25T14:28:48.335Z next:jsconfig-paths-plugin skipping request as it is inside node_modules ../server/headers-utils
2025-09-25T14:28:48.335Z next:jsconfig-paths-plugin skipping request as it is inside node_modules ../server/keyless
2025-09-25T14:28:48.335Z next:jsconfig-paths-plugin skipping request as it is inside node_modules ../utils/feature-flags
2025-09-25T14:28:48.335Z next:jsconfig-paths-plugin skipping request as it is inside node_modules next/headers
2025-09-25T14:28:48.335Z next:jsconfig-paths-plugin skipping request as it is inside node_modules next/headers
2025-09-25T14:28:48.335Z next:jsconfig-paths-plugin skipping request as it is inside node_modules next/navigation
2025-09-25T14:28:48.335Z next:jsconfig-paths-plugin skipping request as it is inside node_modules /Users/akapat/Projects/personal/opensource/convex-nextjs/node_modules/.pnpm/next@15.3.5_@opentelemetry+api@1.9.0_react-dom@19.1.0_react@19.1.0__react@19.1.0/node_modules/next/headers
2025-09-25T14:28:48.335Z next:jsconfig-paths-plugin skipping request as it is inside node_modules /Users/akapat/Projects/personal/opensource/convex-nextjs/node_modules/.pnpm/next@15.3.5_@opentelemetry+api@1.9.0_react-dom@19.1.0_react@19.1.0__react@19.1.0/node_modules/next/headers
2025-09-25T14:28:48.335Z next:jsconfig-paths-plugin skipping request as it is inside node_modules /Users/akapat/Projects/personal/opensource/convex-nextjs/node_modules/.pnpm/next@15.3.5_@opentelemetry+api@1.9.0_react-dom@19.1.0_react@19.1.0__react@19.1.0/node_modules/next/navigation
2025-09-25T14:28:48.335Z next:jsconfig-paths-plugin skipping request as it is inside node_modules ./keyless-custom-headers
2025-09-25T14:28:48.335Z next:jsconfig-paths-plugin skipping request as it is inside node_modules ./sdk-versions
2025-09-25T14:28:48.335Z next:jsconfig-paths-plugin skipping request as it is inside node_modules ./constants
2025-09-25T14:28:48.335Z next:jsconfig-paths-plugin skipping request as it is inside node_modules ../server/headers-utils
2025-09-25T14:28:48.335Z next:jsconfig-paths-plugin skipping request as it is inside node_modules ../utils/feature-flags
2025-09-25T14:28:48.335Z next:jsconfig-paths-plugin moduleName did not match any paths pattern react-server-dom-webpack/server.edge
2025-09-25T14:28:48.336Z next:jsconfig-paths-plugin skipping request as it is inside node_modules next/dist/api/navigation.react-server
2025-09-25T14:28:48.336Z next:jsconfig-paths-plugin skipping request as it is inside node_modules /Users/akapat/Projects/personal/opensource/convex-nextjs/node_modules/.pnpm/next@15.3.5_@opentelemetry+api@1.9.0_react-dom@19.1.0_react@19.1.0__react@19.1.0/node_modules/next/dist/api/navigation.react-server
2025-09-25T14:28:48.337Z next:jsconfig-paths-plugin skipping request as it is inside node_modules private-next-rsc-action-encryption
2025-09-25T14:28:48.337Z next:jsconfig-paths-plugin skipping request as it is inside node_modules next/dist/api/headers
2025-09-25T14:28:48.337Z next:jsconfig-paths-plugin skipping request as it is inside node_modules next/dist/api/headers
2025-09-25T14:28:48.337Z next:jsconfig-paths-plugin skipping request as it is inside node_modules next/dist/api/headers
2025-09-25T14:28:48.337Z next:jsconfig-paths-plugin skipping request as it is inside node_modules /Users/akapat/Projects/personal/opensource/convex-nextjs/node_modules/.pnpm/next@15.3.5_@opentelemetry+api@1.9.0_react-dom@19.1.0_react@19.1.0__react@19.1.0/node_modules/next/dist/api/headers
2025-09-25T14:28:48.337Z next:jsconfig-paths-plugin skipping request as it is inside node_modules /Users/akapat/Projects/personal/opensource/convex-nextjs/node_modules/.pnpm/next@15.3.5_@opentelemetry+api@1.9.0_react-dom@19.1.0_react@19.1.0__react@19.1.0/node_modules/next/dist/api/headers
2025-09-25T14:28:48.337Z next:jsconfig-paths-plugin skipping request as it is inside node_modules /Users/akapat/Projects/personal/opensource/convex-nextjs/node_modules/.pnpm/next@15.3.5_@opentelemetry+api@1.9.0_react-dom@19.1.0_react@19.1.0__react@19.1.0/node_modules/next/dist/api/headers
2025-09-25T14:28:48.337Z next:jsconfig-paths-plugin skipping request as it is inside node_modules ../server/errorThrower
2025-09-25T14:28:48.337Z next:jsconfig-paths-plugin skipping request as it is inside node_modules ../server/keyless
2025-09-25T14:28:48.340Z next:jsconfig-paths-plugin moduleName did not match any paths pattern #safe-node-apis
2025-09-25T14:28:48.340Z next:jsconfig-paths-plugin skipping request as it is inside node_modules ../utils/debugLogger
2025-09-25T14:28:48.340Z next:jsconfig-paths-plugin skipping request as it is inside node_modules ../utils/sdk-versions
2025-09-25T14:28:48.340Z next:jsconfig-paths-plugin moduleName did not match any paths pattern #safe-node-apis
2025-09-25T14:28:48.340Z next:jsconfig-paths-plugin skipping request as it is inside node_modules ./utils
2025-09-25T14:28:48.340Z next:jsconfig-paths-plugin skipping request as it is inside node_modules ../constants
2025-09-25T14:28:48.340Z next:jsconfig-paths-plugin skipping request as it is inside node_modules ../headers-utils
2025-09-25T14:28:48.340Z next:jsconfig-paths-plugin skipping request as it is inside node_modules ../utils
2025-09-25T14:28:48.340Z next:jsconfig-paths-plugin skipping request as it is inside node_modules ../utils/sdk-versions
2025-09-25T14:28:48.340Z next:jsconfig-paths-plugin skipping request as it is inside node_modules ../constants
2025-09-25T14:28:48.340Z next:jsconfig-paths-plugin skipping request as it is inside node_modules ../headers-utils
2025-09-25T14:28:48.340Z next:jsconfig-paths-plugin skipping request as it is inside node_modules ../utils
2025-09-25T14:28:48.340Z next:jsconfig-paths-plugin skipping request as it is inside node_modules ./utils
2025-09-25T14:28:48.341Z next:jsconfig-paths-plugin skipping request as it is an absolute path /Users/akapat/Projects/personal/opensource/convex-nextjs/lib/utils
2025-09-25T14:28:48.341Z next:jsconfig-paths-plugin moduleName did not match any paths pattern #safe-node-apis
2025-09-25T14:28:48.341Z next:jsconfig-paths-plugin skipping request as it is an absolute path /Users/akapat/Projects/personal/opensource/convex-nextjs/lib/utils
2025-09-25T14:28:48.341Z next:jsconfig-paths-plugin moduleName did not match any paths pattern #safe-node-apis
2025-09-25T14:28:48.341Z next:jsconfig-paths-plugin skipping request as it is an absolute path /Users/akapat/Projects/personal/opensource/convex-nextjs/lib/utils
2025-09-25T14:28:48.341Z next:jsconfig-paths-plugin skipping request as it is an absolute path /Users/akapat/Projects/personal/opensource/convex-nextjs/lib/utils
2025-09-25T14:28:48.341Z next:jsconfig-paths-plugin skipping request as it is an absolute path /Users/akapat/Projects/personal/opensource/convex-nextjs/lib/utils
2025-09-25T14:28:48.341Z next:jsconfig-paths-plugin skipping request as it is an absolute path /Users/akapat/Projects/personal/opensource/convex-nextjs/lib/utils
2025-09-25T14:28:48.341Z next:jsconfig-paths-plugin skipping request as it is an absolute path /Users/akapat/Projects/personal/opensource/convex-nextjs/lib/utils
2025-09-25T14:28:48.342Z next:jsconfig-paths-plugin skipping request as it is an absolute path /Users/akapat/Projects/personal/opensource/convex-nextjs/lib/utils
2025-09-25T14:28:48.343Z next:jsconfig-paths-plugin skipping request as it is inside node_modules react-server-dom-webpack/server.edge
2025-09-25T14:28:48.344Z next:jsconfig-paths-plugin moduleName did not match any paths pattern react-server-dom-webpack/server.edge
2025-09-25T14:28:48.344Z next:jsconfig-paths-plugin moduleName did not match any paths pattern react-server-dom-webpack/server.edge
2025-09-25T14:28:48.344Z next:jsconfig-paths-plugin skipping request as it is inside node_modules ../utils/debugLogger
2025-09-25T14:28:48.345Z next:jsconfig-paths-plugin skipping request as it is inside node_modules ./data/getAuthDataFromRequest
2025-09-25T14:28:48.345Z next:jsconfig-paths-plugin skipping request as it is inside node_modules ../utils/feature-flags
2025-09-25T14:28:48.345Z next:jsconfig-paths-plugin skipping request as it is inside node_modules ./constants
2025-09-25T14:28:48.345Z next:jsconfig-paths-plugin skipping request as it is inside node_modules ../utils/feature-flags
2025-09-25T14:28:48.345Z next:jsconfig-paths-plugin skipping request as it is inside node_modules ./constants
2025-09-25T14:28:48.345Z next:jsconfig-paths-plugin skipping request as it is inside node_modules ./data/getAuthDataFromRequest
2025-09-25T14:28:48.347Z next:jsconfig-paths-plugin skipping request as it is inside node_modules ./errors
2025-09-25T14:28:48.347Z next:jsconfig-paths-plugin skipping request as it is inside node_modules ./errors
2025-09-25T14:28:48.347Z next:jsconfig-paths-plugin skipping request as it is inside node_modules ./headers-utils
2025-09-25T14:28:48.347Z next:jsconfig-paths-plugin skipping request as it is inside node_modules ./utils
2025-09-25T14:28:48.347Z next:jsconfig-paths-plugin skipping request as it is inside node_modules ../constants
2025-09-25T14:28:48.347Z next:jsconfig-paths-plugin skipping request as it is inside node_modules ../constants
2025-09-25T14:28:48.347Z next:jsconfig-paths-plugin skipping request as it is inside node_modules ./nextFetcher
2025-09-25T14:28:48.347Z next:jsconfig-paths-plugin skipping request as it is inside node_modules ../vendor/crypto-es
2025-09-25T14:28:48.347Z next:jsconfig-paths-plugin skipping request as it is inside node_modules next/server
2025-09-25T14:28:48.347Z next:jsconfig-paths-plugin skipping request as it is inside node_modules /Users/akapat/Projects/personal/opensource/convex-nextjs/node_modules/.pnpm/next@15.3.5_@opentelemetry+api@1.9.0_react-dom@19.1.0_react@19.1.0__react@19.1.0/node_modules/next/server
2025-09-25T14:28:48.347Z next:jsconfig-paths-plugin skipping request as it is inside node_modules ./errors
2025-09-25T14:28:48.347Z next:jsconfig-paths-plugin skipping request as it is inside node_modules ./errors
2025-09-25T14:28:48.347Z next:jsconfig-paths-plugin skipping request as it is inside node_modules ./headers-utils
2025-09-25T14:28:48.347Z next:jsconfig-paths-plugin skipping request as it is inside node_modules ./utils
2025-09-25T14:28:48.347Z next:jsconfig-paths-plugin skipping request as it is inside node_modules next/dist/api/server
2025-09-25T14:28:48.347Z next:jsconfig-paths-plugin skipping request as it is inside node_modules /Users/akapat/Projects/personal/opensource/convex-nextjs/node_modules/.pnpm/next@15.3.5_@opentelemetry+api@1.9.0_react-dom@19.1.0_react@19.1.0__react@19.1.0/node_modules/next/dist/api/server
2025-09-25T14:28:48.348Z next:jsconfig-paths-plugin skipping request as it is inside node_modules ../constants
2025-09-25T14:28:48.348Z next:jsconfig-paths-plugin skipping request as it is inside node_modules ../constants
2025-09-25T14:28:48.349Z next:jsconfig-paths-plugin skipping request as it is inside node_modules ./nextFetcher
2025-09-25T14:28:48.349Z next:jsconfig-paths-plugin skipping request as it is inside node_modules ../trace/context-utils
2025-09-25T14:28:48.349Z next:jsconfig-paths-plugin skipping request as it is inside node_modules ../trace/context-utils
2025-09-25T14:28:48.349Z next:jsconfig-paths-plugin skipping request as it is inside node_modules ../trace/context-utils
2025-09-25T14:28:48.349Z next:jsconfig-paths-plugin skipping request as it is inside node_modules ../trace/context-utils
2025-09-25T14:28:48.349Z next:jsconfig-paths-plugin skipping request as it is inside node_modules ../trace/context-utils
2025-09-25T14:28:48.349Z next:jsconfig-paths-plugin skipping request as it is inside node_modules ../trace/context-utils
2025-09-25T14:28:48.349Z next:jsconfig-paths-plugin skipping request as it is inside node_modules ../trace/context-utils
2025-09-25T14:28:48.349Z next:jsconfig-paths-plugin skipping request as it is inside node_modules ../trace/context-utils
2025-09-25T14:28:48.349Z next:jsconfig-paths-plugin skipping request as it is inside node_modules ../context/NoopContextManager
2025-09-25T14:28:48.349Z next:jsconfig-paths-plugin skipping request as it is inside node_modules ../context/NoopContextManager
2025-09-25T14:28:48.349Z next:jsconfig-paths-plugin skipping request as it is inside node_modules ../context/NoopContextManager
2025-09-25T14:28:48.349Z next:jsconfig-paths-plugin skipping request as it is inside node_modules ../context/NoopContextManager
2025-09-25T14:28:48.349Z next:jsconfig-paths-plugin skipping request as it is inside node_modules ../internal/global-utils
2025-09-25T14:28:48.349Z next:jsconfig-paths-plugin skipping request as it is inside node_modules ../internal/global-utils
2025-09-25T14:28:48.349Z next:jsconfig-paths-plugin skipping request as it is inside node_modules ../internal/global-utils
2025-09-25T14:28:48.350Z next:jsconfig-paths-plugin skipping request as it is inside node_modules ../internal/global-utils
2025-09-25T14:28:48.350Z next:jsconfig-paths-plugin skipping request as it is inside node_modules ../internal/global-utils
2025-09-25T14:28:48.350Z next:jsconfig-paths-plugin skipping request as it is inside node_modules ../internal/global-utils
2025-09-25T14:28:48.350Z next:jsconfig-paths-plugin skipping request as it is inside node_modules ../internal/global-utils
2025-09-25T14:28:48.350Z next:jsconfig-paths-plugin skipping request as it is inside node_modules ../internal/global-utils
2025-09-25T14:28:48.350Z next:jsconfig-paths-plugin skipping request as it is inside node_modules ../internal/global-utils
2025-09-25T14:28:48.350Z next:jsconfig-paths-plugin skipping request as it is inside node_modules ../internal/global-utils
2025-09-25T14:28:48.350Z next:jsconfig-paths-plugin skipping request as it is inside node_modules ../diag/ComponentLogger
2025-09-25T14:28:48.350Z next:jsconfig-paths-plugin skipping request as it is inside node_modules ../diag/ComponentLogger
2025-09-25T14:28:48.350Z next:jsconfig-paths-plugin skipping request as it is inside node_modules ../diag/ComponentLogger
2025-09-25T14:28:48.350Z next:jsconfig-paths-plugin skipping request as it is inside node_modules ../diag/ComponentLogger
2025-09-25T14:28:48.350Z next:jsconfig-paths-plugin skipping request as it is inside node_modules ../diag/internal/logLevelLogger
2025-09-25T14:28:48.350Z next:jsconfig-paths-plugin skipping request as it is inside node_modules ../diag/internal/logLevelLogger
2025-09-25T14:28:48.350Z next:jsconfig-paths-plugin skipping request as it is inside node_modules ../propagation/NoopTextMapPropagator
2025-09-25T14:28:48.350Z next:jsconfig-paths-plugin skipping request as it is inside node_modules ../propagation/NoopTextMapPropagator
2025-09-25T14:28:48.350Z next:jsconfig-paths-plugin skipping request as it is inside node_modules ../propagation/NoopTextMapPropagator
2025-09-25T14:28:48.350Z next:jsconfig-paths-plugin skipping request as it is inside node_modules ../propagation/NoopTextMapPropagator
2025-09-25T14:28:48.350Z next:jsconfig-paths-plugin skipping request as it is inside node_modules ../baggage/context-helpers
2025-09-25T14:28:48.350Z next:jsconfig-paths-plugin skipping request as it is inside node_modules ../baggage/context-helpers
2025-09-25T14:28:48.350Z next:jsconfig-paths-plugin skipping request as it is inside node_modules ../baggage/context-helpers
2025-09-25T14:28:48.350Z next:jsconfig-paths-plugin skipping request as it is inside node_modules ../baggage/context-helpers
2025-09-25T14:28:48.350Z next:jsconfig-paths-plugin skipping request as it is inside node_modules ../metrics/NoopMeterProvider
2025-09-25T14:28:48.350Z next:jsconfig-paths-plugin skipping request as it is inside node_modules ../metrics/NoopMeterProvider
2025-09-25T14:28:48.350Z next:jsconfig-paths-plugin skipping request as it is inside node_modules ../metrics/NoopMeterProvider
2025-09-25T14:28:48.350Z next:jsconfig-paths-plugin skipping request as it is inside node_modules ../metrics/NoopMeterProvider
2025-09-25T14:28:48.350Z next:jsconfig-paths-plugin skipping request as it is inside node_modules ./tracestate-validators
2025-09-25T14:28:48.351Z next:jsconfig-paths-plugin skipping request as it is inside node_modules ./tracestate-validators
2025-09-25T14:28:48.351Z next:jsconfig-paths-plugin skipping request as it is inside node_modules ./tracestate-validators
2025-09-25T14:28:48.351Z next:jsconfig-paths-plugin skipping request as it is inside node_modules ./tracestate-validators
2025-09-25T14:28:48.351Z next:jsconfig-paths-plugin skipping request as it is inside node_modules ./headers-utils
2025-09-25T14:28:48.351Z next:jsconfig-paths-plugin skipping request as it is inside node_modules ./headers-utils
2025-09-25T14:28:48.351Z next:jsconfig-paths-plugin skipping request as it is inside node_modules ./errorThrower
2025-09-25T14:28:48.351Z next:jsconfig-paths-plugin skipping request as it is inside node_modules ./errorThrower
2025-09-25T14:28:48.352Z next:jsconfig-paths-plugin skipping request as it is inside node_modules private-next-rsc-action-encryption
2025-09-25T14:28:48.352Z next:jsconfig-paths-plugin skipping request as it is inside node_modules ../vendor/crypto-es
2025-09-25T14:28:48.352Z next:jsconfig-paths-plugin skipping request as it is inside node_modules ../internal/global-utils
2025-09-25T14:28:48.352Z next:jsconfig-paths-plugin skipping request as it is inside node_modules ../internal/global-utils
2025-09-25T14:28:48.352Z next:jsconfig-paths-plugin skipping request as it is inside node_modules ../internal/global-utils
2025-09-25T14:28:48.352Z next:jsconfig-paths-plugin skipping request as it is inside node_modules ../internal/global-utils
2025-09-25T14:28:48.352Z next:jsconfig-paths-plugin skipping request as it is inside node_modules ../internal/global-utils
2025-09-25T14:28:48.352Z next:jsconfig-paths-plugin skipping request as it is inside node_modules ../internal/global-utils
2025-09-25T14:28:48.352Z next:jsconfig-paths-plugin skipping request as it is inside node_modules ../internal/global-utils
2025-09-25T14:28:48.352Z next:jsconfig-paths-plugin skipping request as it is inside node_modules ../internal/global-utils
2025-09-25T14:28:48.352Z next:jsconfig-paths-plugin skipping request as it is inside node_modules ../internal/global-utils
2025-09-25T14:28:48.352Z next:jsconfig-paths-plugin skipping request as it is inside node_modules ../internal/global-utils
2025-09-25T14:28:48.352Z next:jsconfig-paths-plugin skipping request as it is inside node_modules ../diag/internal/logLevelLogger
2025-09-25T14:28:48.352Z next:jsconfig-paths-plugin skipping request as it is inside node_modules ../diag/internal/logLevelLogger
2025-09-25T14:28:48.354Z next:jsconfig-paths-plugin skipping request as it is an absolute path /Users/akapat/Projects/personal/opensource/convex-nextjs/lib/utils
2025-09-25T14:28:48.354Z next:jsconfig-paths-plugin skipping request as it is an absolute path /Users/akapat/Projects/personal/opensource/convex-nextjs/lib/utils
2025-09-25T14:28:48.358Z next:jsconfig-paths-plugin skipping request as it is an absolute path /Users/akapat/Projects/personal/opensource/convex-nextjs/lib/utils
2025-09-25T14:28:48.358Z next:jsconfig-paths-plugin skipping request as it is an absolute path /Users/akapat/Projects/personal/opensource/convex-nextjs/lib/utils
2025-09-25T14:28:48.361Z next:jsconfig-paths-plugin skipping request as it is inside node_modules ../utils/feature-flags
2025-09-25T14:28:48.361Z next:jsconfig-paths-plugin moduleName did not match any paths pattern react-server-dom-webpack/server.edge
2025-09-25T14:28:48.361Z next:jsconfig-paths-plugin moduleName did not match any paths pattern react-server-dom-webpack/server.edge
2025-09-25T14:28:48.361Z next:jsconfig-paths-plugin moduleName did not match any paths pattern react-server-dom-webpack/server.edge
2025-09-25T14:28:48.361Z next:jsconfig-paths-plugin skipping request as it is inside node_modules ../utils/feature-flags
2025-09-25T14:28:48.361Z next:jsconfig-paths-plugin moduleName did not match any paths pattern react-server-dom-webpack/server.edge
2025-09-25T14:28:48.361Z next:jsconfig-paths-plugin moduleName did not match any paths pattern react-server-dom-webpack/server.edge
2025-09-25T14:28:48.361Z next:jsconfig-paths-plugin moduleName did not match any paths pattern react-server-dom-webpack/server.edge
2025-09-25T14:28:48.365Z next:jsconfig-paths-plugin moduleName did not match any paths pattern react-server-dom-webpack/server.edge
2025-09-25T14:28:48.365Z next:jsconfig-paths-plugin moduleName did not match any paths pattern react-server-dom-webpack/server.edge
2025-09-25T14:28:48.365Z next:jsconfig-paths-plugin moduleName did not match any paths pattern react-server-dom-webpack/server.edge
2025-09-25T14:28:48.365Z next:jsconfig-paths-plugin skipping request as it is inside node_modules ./logFormatter
2025-09-25T14:28:48.365Z next:jsconfig-paths-plugin moduleName did not match any paths pattern react-server-dom-webpack/server.edge
2025-09-25T14:28:48.365Z next:jsconfig-paths-plugin moduleName did not match any paths pattern react-server-dom-webpack/server.edge
2025-09-25T14:28:48.365Z next:jsconfig-paths-plugin moduleName did not match any paths pattern react-server-dom-webpack/server.edge
2025-09-25T14:28:48.368Z next:jsconfig-paths-plugin moduleName did not match any paths pattern private-next-rsc-action-encryption
2025-09-25T14:28:48.368Z next:jsconfig-paths-plugin moduleName did not match any paths pattern private-next-rsc-action-encryption
2025-09-25T14:28:48.368Z next:jsconfig-paths-plugin skipping request as it is inside node_modules ./logFormatter
2025-09-25T14:28:48.374Z next:jsconfig-paths-plugin skipping request as it is inside node_modules ./NonRecordingSpan
2025-09-25T14:28:48.374Z next:jsconfig-paths-plugin skipping request as it is inside node_modules ../api/context
2025-09-25T14:28:48.374Z next:jsconfig-paths-plugin skipping request as it is inside node_modules ./NonRecordingSpan
2025-09-25T14:28:48.374Z next:jsconfig-paths-plugin skipping request as it is inside node_modules ../api/context
2025-09-25T14:28:48.374Z next:jsconfig-paths-plugin skipping request as it is inside node_modules ./NonRecordingSpan
2025-09-25T14:28:48.374Z next:jsconfig-paths-plugin skipping request as it is inside node_modules ../api/context
2025-09-25T14:28:48.374Z next:jsconfig-paths-plugin skipping request as it is inside node_modules ./NonRecordingSpan
2025-09-25T14:28:48.374Z next:jsconfig-paths-plugin skipping request as it is inside node_modules ../api/context
2025-09-25T14:28:48.377Z next:jsconfig-paths-plugin moduleName did not match any paths pattern react-server-dom-webpack/server.edge
2025-09-25T14:28:48.377Z next:jsconfig-paths-plugin skipping request as it is inside node_modules ../context/context
2025-09-25T14:28:48.377Z next:jsconfig-paths-plugin skipping request as it is inside node_modules ../context/context
2025-09-25T14:28:48.377Z next:jsconfig-paths-plugin skipping request as it is inside node_modules ./context
2025-09-25T14:28:48.377Z next:jsconfig-paths-plugin skipping request as it is inside node_modules ./context
2025-09-25T14:28:48.377Z next:jsconfig-paths-plugin skipping request as it is inside node_modules ../internal/global-utils
2025-09-25T14:28:48.377Z next:jsconfig-paths-plugin skipping request as it is inside node_modules ../internal/global-utils
2025-09-25T14:28:48.377Z next:jsconfig-paths-plugin skipping request as it is inside node_modules ../api/context
2025-09-25T14:28:48.377Z next:jsconfig-paths-plugin skipping request as it is inside node_modules ../context/context
2025-09-25T14:28:48.377Z next:jsconfig-paths-plugin skipping request as it is inside node_modules ../api/context
2025-09-25T14:28:48.377Z next:jsconfig-paths-plugin skipping request as it is inside node_modules ../context/context
2025-09-25T14:28:48.377Z next:jsconfig-paths-plugin skipping request as it is inside node_modules ./NoopMeter
2025-09-25T14:28:48.377Z next:jsconfig-paths-plugin skipping request as it is inside node_modules ./NoopMeter
2025-09-25T14:28:48.377Z next:jsconfig-paths-plugin skipping request as it is inside node_modules ../context/context
2025-09-25T14:28:48.377Z next:jsconfig-paths-plugin skipping request as it is inside node_modules ../context/context
2025-09-25T14:28:48.377Z next:jsconfig-paths-plugin skipping request as it is inside node_modules ./context
2025-09-25T14:28:48.377Z next:jsconfig-paths-plugin skipping request as it is inside node_modules ./context
2025-09-25T14:28:48.377Z next:jsconfig-paths-plugin skipping request as it is inside node_modules ../internal/global-utils
2025-09-25T14:28:48.377Z next:jsconfig-paths-plugin skipping request as it is inside node_modules ../internal/global-utils
2025-09-25T14:28:48.377Z next:jsconfig-paths-plugin skipping request as it is inside node_modules ../api/context
2025-09-25T14:28:48.377Z next:jsconfig-paths-plugin skipping request as it is inside node_modules ../context/context
2025-09-25T14:28:48.377Z next:jsconfig-paths-plugin skipping request as it is inside node_modules ../api/context
2025-09-25T14:28:48.377Z next:jsconfig-paths-plugin skipping request as it is inside node_modules ../context/context
2025-09-25T14:28:48.378Z next:jsconfig-paths-plugin skipping request as it is inside node_modules ./NoopMeter
2025-09-25T14:28:48.378Z next:jsconfig-paths-plugin skipping request as it is inside node_modules ./NoopMeter
2025-09-25T14:28:48.378Z next:jsconfig-paths-plugin moduleName did not match any paths pattern react-server-dom-webpack/server.edge
2025-09-25T14:28:48.380Z next:jsconfig-paths-plugin skipping request as it is inside node_modules node:fs
2025-09-25T14:28:48.380Z next:jsconfig-paths-plugin skipping request as it is inside node_modules node:path
2025-09-25T14:28:48.384Z next:jsconfig-paths-plugin moduleName did not match any paths pattern #crypto
2025-09-25T14:28:48.384Z next:jsconfig-paths-plugin moduleName did not match any paths pattern #crypto
2025-09-25T14:28:48.384Z next:jsconfig-paths-plugin skipping request as it is inside node_modules ../types
2025-09-25T14:28:48.384Z next:jsconfig-paths-plugin skipping request as it is inside node_modules ../types
2025-09-25T14:28:48.384Z next:jsconfig-paths-plugin skipping request as it is inside node_modules ../types
2025-09-25T14:28:48.384Z next:jsconfig-paths-plugin skipping request as it is inside node_modules ../types
2025-09-25T14:28:48.385Z next:jsconfig-paths-plugin moduleName did not match any paths pattern #crypto
2025-09-25T14:28:48.385Z next:jsconfig-paths-plugin moduleName did not match any paths pattern #crypto
2025-09-25T14:28:48.388Z next:jsconfig-paths-plugin moduleName did not match any paths pattern react-server-dom-webpack/server.edge
2025-09-25T14:28:48.388Z next:jsconfig-paths-plugin moduleName did not match any paths pattern react-server-dom-webpack/client.edge
2025-09-25T14:28:48.388Z next:jsconfig-paths-plugin moduleName did not match any paths pattern react-server-dom-webpack/server.edge
2025-09-25T14:28:48.388Z next:jsconfig-paths-plugin moduleName did not match any paths pattern react-server-dom-webpack/client.edge
2025-09-25T14:28:48.392Z next:jsconfig-paths-plugin skipping request as it is inside node_modules ../version
2025-09-25T14:28:48.392Z next:jsconfig-paths-plugin skipping request as it is inside node_modules ../version
2025-09-25T14:28:48.392Z next:jsconfig-paths-plugin skipping request as it is inside node_modules ../version
2025-09-25T14:28:48.392Z next:jsconfig-paths-plugin skipping request as it is inside node_modules ../version
2025-09-25T14:28:48.393Z next:jsconfig-paths-plugin skipping request as it is inside node_modules ../platform
2025-09-25T14:28:48.393Z next:jsconfig-paths-plugin skipping request as it is inside node_modules ../platform
2025-09-25T14:28:48.393Z next:jsconfig-paths-plugin skipping request as it is inside node_modules ../platform
2025-09-25T14:28:48.393Z next:jsconfig-paths-plugin skipping request as it is inside node_modules ../platform
2025-09-25T14:28:48.393Z next:jsconfig-paths-plugin skipping request as it is inside node_modules ./semver
2025-09-25T14:28:48.393Z next:jsconfig-paths-plugin skipping request as it is inside node_modules ./semver
2025-09-25T14:28:48.393Z next:jsconfig-paths-plugin skipping request as it is inside node_modules ./semver
2025-09-25T14:28:48.393Z next:jsconfig-paths-plugin skipping request as it is inside node_modules ./semver
2025-09-25T14:28:48.396Z next:jsconfig-paths-plugin skipping request as it is inside node_modules node:fs
2025-09-25T14:28:48.397Z next:jsconfig-paths-plugin skipping request as it is inside node_modules node:path
2025-09-25T14:28:48.398Z next:jsconfig-paths-plugin skipping request as it is inside node_modules node:crypto
2025-09-25T14:28:48.399Z next:jsconfig-paths-plugin skipping request as it is inside node_modules ../server/web/exports/index
2025-09-25T14:28:48.399Z next:jsconfig-paths-plugin skipping request as it is inside node_modules ../client/components/navigation.react-server
2025-09-25T14:28:48.399Z next:jsconfig-paths-plugin skipping request as it is inside node_modules ../version
2025-09-25T14:28:48.399Z next:jsconfig-paths-plugin skipping request as it is inside node_modules ../version
2025-09-25T14:28:48.399Z next:jsconfig-paths-plugin skipping request as it is inside node_modules ../version
2025-09-25T14:28:48.399Z next:jsconfig-paths-plugin skipping request as it is inside node_modules ../version
2025-09-25T14:28:48.400Z next:jsconfig-paths-plugin skipping request as it is inside node_modules ../client/components/navigation.react-server
2025-09-25T14:28:48.401Z next:jsconfig-paths-plugin skipping request as it is inside node_modules ../shared/lib/image-external
2025-09-25T14:28:48.402Z next:jsconfig-paths-plugin skipping request as it is inside node_modules ../server/request/cookies
2025-09-25T14:28:48.402Z next:jsconfig-paths-plugin skipping request as it is inside node_modules ../server/request/draft-mode
2025-09-25T14:28:48.402Z next:jsconfig-paths-plugin skipping request as it is inside node_modules ../server/request/headers
2025-09-25T14:28:48.402Z next:jsconfig-paths-plugin skipping request as it is inside node_modules ../server/web/exports/index
2025-09-25T14:28:48.402Z next:jsconfig-paths-plugin skipping request as it is inside node_modules ../shared/lib/image-external
2025-09-25T14:28:48.403Z next:jsconfig-paths-plugin skipping request as it is inside node_modules ../server/request/cookies
2025-09-25T14:28:48.403Z next:jsconfig-paths-plugin skipping request as it is inside node_modules ../server/request/draft-mode
2025-09-25T14:28:48.403Z next:jsconfig-paths-plugin skipping request as it is inside node_modules ../server/request/headers
2025-09-25T14:28:48.403Z next:jsconfig-paths-plugin skipping request as it is inside node_modules ./node
2025-09-25T14:28:48.403Z next:jsconfig-paths-plugin skipping request as it is inside node_modules ./node
2025-09-25T14:28:48.403Z next:jsconfig-paths-plugin skipping request as it is inside node_modules ./node
2025-09-25T14:28:48.403Z next:jsconfig-paths-plugin skipping request as it is inside node_modules ./node
2025-09-25T14:28:48.408Z next:jsconfig-paths-plugin skipping request as it is inside node_modules node:crypto
2025-09-25T14:28:48.408Z next:jsconfig-paths-plugin skipping request as it is inside node_modules node:crypto
2025-09-25T14:28:48.408Z next:jsconfig-paths-plugin skipping request as it is inside node_modules node:crypto
2025-09-25T14:28:48.413Z next:jsconfig-paths-plugin skipping request as it is inside node_modules ./globalThis
2025-09-25T14:28:48.413Z next:jsconfig-paths-plugin skipping request as it is inside node_modules ./globalThis
2025-09-25T14:28:48.413Z next:jsconfig-paths-plugin skipping request as it is inside node_modules ./globalThis
2025-09-25T14:28:48.413Z next:jsconfig-paths-plugin skipping request as it is inside node_modules ./globalThis
2025-09-25T14:28:48.440Z next:jsconfig-paths-plugin moduleName did not match any paths pattern next-flight-client-entry-loader
2025-09-25T14:28:48.440Z next:jsconfig-paths-plugin moduleName did not match any paths pattern next-flight-client-entry-loader
2025-09-25T14:28:48.440Z next:jsconfig-paths-plugin moduleName did not match any paths pattern next-flight-client-entry-loader
2025-09-25T14:28:48.440Z next:jsconfig-paths-plugin moduleName did not match any paths pattern next-flight-client-entry-loader
2025-09-25T14:28:48.440Z next:jsconfig-paths-plugin moduleName did not match any paths pattern next-flight-client-entry-loader
2025-09-25T14:28:48.440Z next:jsconfig-paths-plugin moduleName did not match any paths pattern next-flight-client-entry-loader
2025-09-25T14:28:48.440Z next:jsconfig-paths-plugin moduleName did not match any paths pattern next-flight-client-entry-loader
2025-09-25T14:28:48.440Z next:jsconfig-paths-plugin moduleName did not match any paths pattern next-flight-client-entry-loader
2025-09-25T14:28:48.440Z next:jsconfig-paths-plugin moduleName did not match any paths pattern next-flight-client-entry-loader
2025-09-25T14:28:48.440Z next:jsconfig-paths-plugin moduleName did not match any paths pattern next-flight-client-entry-loader
2025-09-25T14:28:48.441Z next:jsconfig-paths-plugin moduleName did not match any paths pattern next-flight-client-entry-loader
2025-09-25T14:28:48.441Z next:jsconfig-paths-plugin moduleName did not match any paths pattern next-flight-client-entry-loader
2025-09-25T14:28:48.441Z next:jsconfig-paths-plugin moduleName did not match any paths pattern next-flight-client-entry-loader
2025-09-25T14:28:48.441Z next:jsconfig-paths-plugin moduleName did not match any paths pattern next-flight-client-entry-loader
2025-09-25T14:28:48.441Z next:jsconfig-paths-plugin moduleName did not match any paths pattern next-flight-client-entry-loader
2025-09-25T14:28:48.441Z next:jsconfig-paths-plugin moduleName did not match any paths pattern next-flight-client-entry-loader
2025-09-25T14:28:48.441Z next:jsconfig-paths-plugin moduleName did not match any paths pattern next-flight-client-entry-loader
2025-09-25T14:28:48.441Z next:jsconfig-paths-plugin moduleName did not match any paths pattern next-flight-client-entry-loader
2025-09-25T14:28:48.441Z next:jsconfig-paths-plugin moduleName did not match any paths pattern next-flight-client-entry-loader
2025-09-25T14:28:48.441Z next:jsconfig-paths-plugin moduleName did not match any paths pattern next-flight-client-entry-loader
2025-09-25T14:28:48.441Z next:jsconfig-paths-plugin moduleName did not match any paths pattern next-flight-client-entry-loader
2025-09-25T14:28:48.441Z next:jsconfig-paths-plugin moduleName did not match any paths pattern next-flight-client-entry-loader
2025-09-25T14:28:48.441Z next:jsconfig-paths-plugin moduleName did not match any paths pattern next-flight-client-entry-loader
2025-09-25T14:28:48.441Z next:jsconfig-paths-plugin moduleName did not match any paths pattern next-flight-client-entry-loader
2025-09-25T14:28:48.441Z next:jsconfig-paths-plugin moduleName did not match any paths pattern next-flight-client-entry-loader
2025-09-25T14:28:48.441Z next:jsconfig-paths-plugin moduleName did not match any paths pattern next-flight-client-entry-loader
2025-09-25T14:28:48.441Z next:jsconfig-paths-plugin moduleName did not match any paths pattern next-flight-client-entry-loader
2025-09-25T14:28:48.441Z next:jsconfig-paths-plugin moduleName did not match any paths pattern next-flight-client-entry-loader
2025-09-25T14:28:48.441Z next:jsconfig-paths-plugin moduleName did not match any paths pattern next-flight-client-entry-loader
2025-09-25T14:28:48.441Z next:jsconfig-paths-plugin moduleName did not match any paths pattern next-flight-client-entry-loader
2025-09-25T14:28:48.441Z next:jsconfig-paths-plugin moduleName did not match any paths pattern next-flight-client-entry-loader
2025-09-25T14:28:48.441Z next:jsconfig-paths-plugin moduleName did not match any paths pattern next-flight-client-entry-loader
2025-09-25T14:28:48.441Z next:jsconfig-paths-plugin moduleName did not match any paths pattern next-flight-client-entry-loader
2025-09-25T14:28:48.441Z next:jsconfig-paths-plugin moduleName did not match any paths pattern next-flight-client-entry-loader
2025-09-25T14:28:48.441Z next:jsconfig-paths-plugin moduleName did not match any paths pattern next-flight-client-entry-loader
2025-09-25T14:28:48.441Z next:jsconfig-paths-plugin moduleName did not match any paths pattern next-flight-client-entry-loader
2025-09-25T14:28:48.441Z next:jsconfig-paths-plugin moduleName did not match any paths pattern next-flight-client-entry-loader
2025-09-25T14:28:48.441Z next:jsconfig-paths-plugin moduleName did not match any paths pattern next-flight-client-entry-loader
2025-09-25T14:28:48.441Z next:jsconfig-paths-plugin moduleName did not match any paths pattern next-flight-client-entry-loader
2025-09-25T14:28:48.441Z next:jsconfig-paths-plugin moduleName did not match any paths pattern next-flight-client-entry-loader
2025-09-25T14:28:48.441Z next:jsconfig-paths-plugin moduleName did not match any paths pattern next-flight-client-entry-loader
2025-09-25T14:28:48.441Z next:jsconfig-paths-plugin moduleName did not match any paths pattern next-flight-client-entry-loader
2025-09-25T14:28:48.441Z next:jsconfig-paths-plugin moduleName did not match any paths pattern next-flight-client-entry-loader
2025-09-25T14:28:48.441Z next:jsconfig-paths-plugin moduleName did not match any paths pattern next-flight-client-entry-loader
2025-09-25T14:28:48.441Z next:jsconfig-paths-plugin moduleName did not match any paths pattern next-flight-client-entry-loader
2025-09-25T14:28:48.442Z next:jsconfig-paths-plugin moduleName did not match any paths pattern next-flight-client-entry-loader
2025-09-25T14:28:48.442Z next:jsconfig-paths-plugin moduleName did not match any paths pattern next-flight-client-entry-loader
2025-09-25T14:28:48.442Z next:jsconfig-paths-plugin moduleName did not match any paths pattern next-flight-client-entry-loader
2025-09-25T14:28:48.442Z next:jsconfig-paths-plugin moduleName did not match any paths pattern next-flight-client-entry-loader
2025-09-25T14:28:48.442Z next:jsconfig-paths-plugin moduleName did not match any paths pattern next-flight-client-entry-loader
2025-09-25T14:28:48.442Z next:jsconfig-paths-plugin moduleName did not match any paths pattern next-flight-client-entry-loader
2025-09-25T14:28:48.442Z next:jsconfig-paths-plugin moduleName did not match any paths pattern next-flight-client-entry-loader
2025-09-25T14:28:48.442Z next:jsconfig-paths-plugin moduleName did not match any paths pattern next-flight-client-entry-loader
2025-09-25T14:28:48.442Z next:jsconfig-paths-plugin moduleName did not match any paths pattern next-flight-client-entry-loader
2025-09-25T14:28:48.442Z next:jsconfig-paths-plugin moduleName did not match any paths pattern next-flight-client-entry-loader
2025-09-25T14:28:48.442Z next:jsconfig-paths-plugin moduleName did not match any paths pattern next-flight-client-entry-loader
2025-09-25T14:28:48.442Z next:jsconfig-paths-plugin moduleName did not match any paths pattern next-flight-client-entry-loader
2025-09-25T14:28:48.442Z next:jsconfig-paths-plugin moduleName did not match any paths pattern next-flight-client-entry-loader
2025-09-25T14:28:48.442Z next:jsconfig-paths-plugin moduleName did not match any paths pattern next-flight-client-entry-loader
2025-09-25T14:28:48.442Z next:jsconfig-paths-plugin moduleName did not match any paths pattern next-flight-client-entry-loader
2025-09-25T14:28:48.442Z next:jsconfig-paths-plugin moduleName did not match any paths pattern next-flight-client-entry-loader
2025-09-25T14:28:48.442Z next:jsconfig-paths-plugin moduleName did not match any paths pattern next-flight-client-entry-loader
2025-09-25T14:28:48.442Z next:jsconfig-paths-plugin moduleName did not match any paths pattern next-flight-client-entry-loader
2025-09-25T14:28:48.442Z next:jsconfig-paths-plugin moduleName did not match any paths pattern next-flight-client-entry-loader
2025-09-25T14:28:48.442Z next:jsconfig-paths-plugin moduleName did not match any paths pattern next-flight-action-entry-loader
2025-09-25T14:28:48.442Z next:jsconfig-paths-plugin moduleName did not match any paths pattern next-flight-action-entry-loader
2025-09-25T14:28:48.442Z next:jsconfig-paths-plugin moduleName did not match any paths pattern next-flight-action-entry-loader
2025-09-25T14:28:48.442Z next:jsconfig-paths-plugin moduleName did not match any paths pattern next-flight-action-entry-loader
2025-09-25T14:28:48.442Z next:jsconfig-paths-plugin moduleName did not match any paths pattern next-flight-action-entry-loader
2025-09-25T14:28:48.442Z next:jsconfig-paths-plugin moduleName did not match any paths pattern next-flight-action-entry-loader
2025-09-25T14:28:48.449Z next:jsconfig-paths-plugin moduleName did not match any paths pattern next-flight-client-entry-loader
2025-09-25T14:28:48.449Z next:jsconfig-paths-plugin moduleName did not match any paths pattern next-flight-client-entry-loader
2025-09-25T14:28:48.449Z next:jsconfig-paths-plugin moduleName did not match any paths pattern next-flight-client-entry-loader
2025-09-25T14:28:48.449Z next:jsconfig-paths-plugin moduleName did not match any paths pattern next-flight-client-entry-loader
2025-09-25T14:28:48.449Z next:jsconfig-paths-plugin moduleName did not match any paths pattern next-flight-client-entry-loader
2025-09-25T14:28:48.449Z next:jsconfig-paths-plugin moduleName did not match any paths pattern next-flight-client-entry-loader
2025-09-25T14:28:48.449Z next:jsconfig-paths-plugin moduleName did not match any paths pattern next-flight-client-entry-loader
2025-09-25T14:28:48.449Z next:jsconfig-paths-plugin moduleName did not match any paths pattern next-flight-client-entry-loader
2025-09-25T14:28:48.449Z next:jsconfig-paths-plugin moduleName did not match any paths pattern next-flight-client-entry-loader
2025-09-25T14:28:48.449Z next:jsconfig-paths-plugin moduleName did not match any paths pattern next-flight-client-entry-loader
2025-09-25T14:28:48.449Z next:jsconfig-paths-plugin moduleName did not match any paths pattern next-flight-client-entry-loader
2025-09-25T14:28:48.449Z next:jsconfig-paths-plugin moduleName did not match any paths pattern next-flight-client-entry-loader
2025-09-25T14:28:48.449Z next:jsconfig-paths-plugin moduleName did not match any paths pattern next-flight-client-entry-loader
2025-09-25T14:28:48.449Z next:jsconfig-paths-plugin moduleName did not match any paths pattern next-flight-client-entry-loader
2025-09-25T14:28:48.449Z next:jsconfig-paths-plugin moduleName did not match any paths pattern next-flight-client-entry-loader
2025-09-25T14:28:48.449Z next:jsconfig-paths-plugin moduleName did not match any paths pattern next-flight-client-entry-loader
2025-09-25T14:28:48.449Z next:jsconfig-paths-plugin moduleName did not match any paths pattern next-flight-client-entry-loader
2025-09-25T14:28:48.449Z next:jsconfig-paths-plugin moduleName did not match any paths pattern next-flight-client-entry-loader
2025-09-25T14:28:48.449Z next:jsconfig-paths-plugin moduleName did not match any paths pattern next-flight-client-entry-loader
2025-09-25T14:28:48.449Z next:jsconfig-paths-plugin moduleName did not match any paths pattern next-flight-client-entry-loader
2025-09-25T14:28:48.449Z next:jsconfig-paths-plugin moduleName did not match any paths pattern next-flight-client-entry-loader
2025-09-25T14:28:48.449Z next:jsconfig-paths-plugin moduleName did not match any paths pattern next-flight-client-entry-loader
2025-09-25T14:28:48.449Z next:jsconfig-paths-plugin moduleName did not match any paths pattern next-flight-client-entry-loader
2025-09-25T14:28:48.449Z next:jsconfig-paths-plugin moduleName did not match any paths pattern next-flight-client-entry-loader
2025-09-25T14:28:48.449Z next:jsconfig-paths-plugin moduleName did not match any paths pattern next-flight-client-entry-loader
2025-09-25T14:28:48.449Z next:jsconfig-paths-plugin moduleName did not match any paths pattern next-flight-client-entry-loader
2025-09-25T14:28:48.449Z next:jsconfig-paths-plugin moduleName did not match any paths pattern next-flight-client-entry-loader
2025-09-25T14:28:48.449Z next:jsconfig-paths-plugin moduleName did not match any paths pattern next-flight-client-entry-loader
2025-09-25T14:28:48.449Z next:jsconfig-paths-plugin moduleName did not match any paths pattern next-flight-client-entry-loader
2025-09-25T14:28:48.450Z next:jsconfig-paths-plugin moduleName did not match any paths pattern next-flight-client-entry-loader
2025-09-25T14:28:48.450Z next:jsconfig-paths-plugin moduleName did not match any paths pattern next-flight-client-entry-loader
2025-09-25T14:28:48.450Z next:jsconfig-paths-plugin moduleName did not match any paths pattern next-flight-client-entry-loader
2025-09-25T14:28:48.450Z next:jsconfig-paths-plugin moduleName did not match any paths pattern next-flight-client-entry-loader
2025-09-25T14:28:48.450Z next:jsconfig-paths-plugin moduleName did not match any paths pattern next-flight-client-entry-loader
2025-09-25T14:28:48.450Z next:jsconfig-paths-plugin moduleName did not match any paths pattern next-flight-client-entry-loader
2025-09-25T14:28:48.450Z next:jsconfig-paths-plugin moduleName did not match any paths pattern next-flight-client-entry-loader
2025-09-25T14:28:48.450Z next:jsconfig-paths-plugin moduleName did not match any paths pattern next-flight-client-entry-loader
2025-09-25T14:28:48.450Z next:jsconfig-paths-plugin moduleName did not match any paths pattern next-flight-client-entry-loader
2025-09-25T14:28:48.450Z next:jsconfig-paths-plugin moduleName did not match any paths pattern next-flight-client-entry-loader
2025-09-25T14:28:48.450Z next:jsconfig-paths-plugin moduleName did not match any paths pattern next-flight-client-entry-loader
2025-09-25T14:28:48.450Z next:jsconfig-paths-plugin moduleName did not match any paths pattern next-flight-client-entry-loader
2025-09-25T14:28:48.450Z next:jsconfig-paths-plugin moduleName did not match any paths pattern next-flight-client-entry-loader
2025-09-25T14:28:48.450Z next:jsconfig-paths-plugin moduleName did not match any paths pattern next-flight-client-entry-loader
2025-09-25T14:28:48.450Z next:jsconfig-paths-plugin moduleName did not match any paths pattern next-flight-client-entry-loader
2025-09-25T14:28:48.450Z next:jsconfig-paths-plugin moduleName did not match any paths pattern next-flight-client-entry-loader
2025-09-25T14:28:48.450Z next:jsconfig-paths-plugin moduleName did not match any paths pattern next-flight-client-entry-loader
2025-09-25T14:28:48.450Z next:jsconfig-paths-plugin moduleName did not match any paths pattern next-flight-client-entry-loader
2025-09-25T14:28:48.450Z next:jsconfig-paths-plugin moduleName did not match any paths pattern next-flight-client-entry-loader
2025-09-25T14:28:48.450Z next:jsconfig-paths-plugin moduleName did not match any paths pattern next-flight-client-entry-loader
2025-09-25T14:28:48.450Z next:jsconfig-paths-plugin moduleName did not match any paths pattern next-flight-client-entry-loader
2025-09-25T14:28:48.450Z next:jsconfig-paths-plugin moduleName did not match any paths pattern next-flight-client-entry-loader
2025-09-25T14:28:48.450Z next:jsconfig-paths-plugin moduleName did not match any paths pattern next-flight-client-entry-loader
2025-09-25T14:28:48.450Z next:jsconfig-paths-plugin moduleName did not match any paths pattern next-flight-client-entry-loader
2025-09-25T14:28:48.450Z next:jsconfig-paths-plugin moduleName did not match any paths pattern next-flight-client-entry-loader
2025-09-25T14:28:48.450Z next:jsconfig-paths-plugin moduleName did not match any paths pattern next-flight-client-entry-loader
2025-09-25T14:28:48.450Z next:jsconfig-paths-plugin moduleName did not match any paths pattern next-flight-client-entry-loader
2025-09-25T14:28:48.450Z next:jsconfig-paths-plugin moduleName did not match any paths pattern next-flight-client-entry-loader
2025-09-25T14:28:48.451Z next:jsconfig-paths-plugin moduleName did not match any paths pattern next-flight-client-entry-loader
2025-09-25T14:28:48.451Z next:jsconfig-paths-plugin moduleName did not match any paths pattern next-flight-client-entry-loader
2025-09-25T14:28:48.451Z next:jsconfig-paths-plugin moduleName did not match any paths pattern next-flight-client-entry-loader
2025-09-25T14:28:48.451Z next:jsconfig-paths-plugin moduleName did not match any paths pattern next-flight-client-entry-loader
2025-09-25T14:28:48.451Z next:jsconfig-paths-plugin moduleName did not match any paths pattern next-flight-client-entry-loader
2025-09-25T14:28:48.451Z next:jsconfig-paths-plugin moduleName did not match any paths pattern next-flight-client-entry-loader
2025-09-25T14:28:48.451Z next:jsconfig-paths-plugin moduleName did not match any paths pattern next-flight-client-entry-loader
2025-09-25T14:28:48.457Z next:jsconfig-paths-plugin moduleName did not match any paths pattern next-flight-client-entry-loader
2025-09-25T14:28:48.457Z next:jsconfig-paths-plugin moduleName did not match any paths pattern next-flight-client-entry-loader
2025-09-25T14:28:48.457Z next:jsconfig-paths-plugin moduleName did not match any paths pattern next-flight-client-entry-loader
2025-09-25T14:28:48.457Z next:jsconfig-paths-plugin moduleName did not match any paths pattern next-flight-client-entry-loader
2025-09-25T14:28:48.457Z next:jsconfig-paths-plugin moduleName did not match any paths pattern next-flight-client-entry-loader
2025-09-25T14:28:48.457Z next:jsconfig-paths-plugin moduleName did not match any paths pattern next-flight-client-entry-loader
2025-09-25T14:28:48.457Z next:jsconfig-paths-plugin moduleName did not match any paths pattern next-flight-client-entry-loader
2025-09-25T14:28:48.457Z next:jsconfig-paths-plugin moduleName did not match any paths pattern next-flight-client-entry-loader
2025-09-25T14:28:48.457Z next:jsconfig-paths-plugin moduleName did not match any paths pattern next-flight-client-entry-loader
2025-09-25T14:28:48.457Z next:jsconfig-paths-plugin moduleName did not match any paths pattern next-flight-client-entry-loader
2025-09-25T14:28:48.457Z next:jsconfig-paths-plugin moduleName did not match any paths pattern next-flight-client-entry-loader
2025-09-25T14:28:48.457Z next:jsconfig-paths-plugin moduleName did not match any paths pattern next-flight-client-entry-loader
2025-09-25T14:28:48.457Z next:jsconfig-paths-plugin moduleName did not match any paths pattern next-flight-client-entry-loader
2025-09-25T14:28:48.457Z next:jsconfig-paths-plugin moduleName did not match any paths pattern next-flight-client-entry-loader
2025-09-25T14:28:48.457Z next:jsconfig-paths-plugin moduleName did not match any paths pattern next-flight-client-entry-loader
2025-09-25T14:28:48.457Z next:jsconfig-paths-plugin moduleName did not match any paths pattern next-flight-client-entry-loader
2025-09-25T14:28:48.457Z next:jsconfig-paths-plugin moduleName did not match any paths pattern next-flight-client-entry-loader
2025-09-25T14:28:48.457Z next:jsconfig-paths-plugin moduleName did not match any paths pattern next-flight-client-entry-loader
2025-09-25T14:28:48.457Z next:jsconfig-paths-plugin moduleName did not match any paths pattern next-flight-client-entry-loader
2025-09-25T14:28:48.457Z next:jsconfig-paths-plugin moduleName did not match any paths pattern next-flight-client-entry-loader
2025-09-25T14:28:48.457Z next:jsconfig-paths-plugin moduleName did not match any paths pattern next-flight-client-entry-loader
2025-09-25T14:28:48.457Z next:jsconfig-paths-plugin moduleName did not match any paths pattern next-flight-client-entry-loader
2025-09-25T14:28:48.457Z next:jsconfig-paths-plugin moduleName did not match any paths pattern next-flight-client-entry-loader
2025-09-25T14:28:48.457Z next:jsconfig-paths-plugin moduleName did not match any paths pattern next-flight-client-entry-loader
2025-09-25T14:28:48.457Z next:jsconfig-paths-plugin moduleName did not match any paths pattern next-flight-client-entry-loader
2025-09-25T14:28:48.457Z next:jsconfig-paths-plugin moduleName did not match any paths pattern next-flight-client-entry-loader
2025-09-25T14:28:48.457Z next:jsconfig-paths-plugin moduleName did not match any paths pattern next-flight-client-entry-loader
2025-09-25T14:28:48.457Z next:jsconfig-paths-plugin moduleName did not match any paths pattern next-flight-client-entry-loader
2025-09-25T14:28:48.458Z next:jsconfig-paths-plugin moduleName did not match any paths pattern next-flight-client-entry-loader
2025-09-25T14:28:48.458Z next:jsconfig-paths-plugin moduleName did not match any paths pattern next-flight-client-entry-loader
2025-09-25T14:28:48.458Z next:jsconfig-paths-plugin moduleName did not match any paths pattern next-flight-client-entry-loader
2025-09-25T14:28:48.458Z next:jsconfig-paths-plugin moduleName did not match any paths pattern next-flight-client-entry-loader
2025-09-25T14:28:48.458Z next:jsconfig-paths-plugin moduleName did not match any paths pattern next-flight-client-entry-loader
2025-09-25T14:28:48.458Z next:jsconfig-paths-plugin moduleName did not match any paths pattern next-flight-client-entry-loader
2025-09-25T14:28:48.458Z next:jsconfig-paths-plugin moduleName did not match any paths pattern next-flight-client-entry-loader
2025-09-25T14:28:48.458Z next:jsconfig-paths-plugin moduleName did not match any paths pattern next-flight-client-entry-loader
2025-09-25T14:28:48.458Z next:jsconfig-paths-plugin moduleName did not match any paths pattern next-flight-client-entry-loader
2025-09-25T14:28:48.458Z next:jsconfig-paths-plugin moduleName did not match any paths pattern next-flight-client-entry-loader
2025-09-25T14:28:48.458Z next:jsconfig-paths-plugin moduleName did not match any paths pattern next-flight-client-entry-loader
2025-09-25T14:28:48.458Z next:jsconfig-paths-plugin moduleName did not match any paths pattern next-flight-client-entry-loader
2025-09-25T14:28:48.458Z next:jsconfig-paths-plugin moduleName did not match any paths pattern next-flight-client-entry-loader
2025-09-25T14:28:48.458Z next:jsconfig-paths-plugin moduleName did not match any paths pattern next-flight-client-entry-loader
2025-09-25T14:28:48.458Z next:jsconfig-paths-plugin moduleName did not match any paths pattern next-flight-client-entry-loader
2025-09-25T14:28:48.458Z next:jsconfig-paths-plugin moduleName did not match any paths pattern next-flight-client-entry-loader
2025-09-25T14:28:48.458Z next:jsconfig-paths-plugin moduleName did not match any paths pattern next-flight-client-entry-loader
2025-09-25T14:28:48.458Z next:jsconfig-paths-plugin moduleName did not match any paths pattern next-flight-client-entry-loader
2025-09-25T14:28:48.458Z next:jsconfig-paths-plugin moduleName did not match any paths pattern next-flight-client-entry-loader
2025-09-25T14:28:48.458Z next:jsconfig-paths-plugin moduleName did not match any paths pattern next-flight-client-entry-loader
2025-09-25T14:28:48.458Z next:jsconfig-paths-plugin moduleName did not match any paths pattern next-flight-client-entry-loader
2025-09-25T14:28:48.458Z next:jsconfig-paths-plugin moduleName did not match any paths pattern next-flight-client-entry-loader
2025-09-25T14:28:48.458Z next:jsconfig-paths-plugin moduleName did not match any paths pattern next-flight-client-entry-loader
2025-09-25T14:28:48.458Z next:jsconfig-paths-plugin moduleName did not match any paths pattern next-flight-client-entry-loader
2025-09-25T14:28:48.458Z next:jsconfig-paths-plugin moduleName did not match any paths pattern next-flight-client-entry-loader
2025-09-25T14:28:48.458Z next:jsconfig-paths-plugin moduleName did not match any paths pattern next-flight-client-entry-loader
2025-09-25T14:28:48.458Z next:jsconfig-paths-plugin moduleName did not match any paths pattern next-flight-client-entry-loader
2025-09-25T14:28:48.458Z next:jsconfig-paths-plugin moduleName did not match any paths pattern next-flight-client-entry-loader
2025-09-25T14:28:48.458Z next:jsconfig-paths-plugin moduleName did not match any paths pattern next-flight-client-entry-loader
2025-09-25T14:28:48.458Z next:jsconfig-paths-plugin moduleName did not match any paths pattern next-flight-client-entry-loader
2025-09-25T14:28:48.458Z next:jsconfig-paths-plugin moduleName did not match any paths pattern next-flight-client-entry-loader
2025-09-25T14:28:48.458Z next:jsconfig-paths-plugin moduleName did not match any paths pattern next-flight-client-entry-loader
2025-09-25T14:28:48.459Z next:jsconfig-paths-plugin moduleName did not match any paths pattern next-flight-client-entry-loader
2025-09-25T14:28:48.459Z next:jsconfig-paths-plugin moduleName did not match any paths pattern next-flight-client-entry-loader
2025-09-25T14:28:48.459Z next:jsconfig-paths-plugin moduleName did not match any paths pattern next-flight-client-entry-loader
2025-09-25T14:28:48.459Z next:jsconfig-paths-plugin moduleName did not match any paths pattern next-flight-client-entry-loader
2025-09-25T14:28:48.466Z next:jsconfig-paths-plugin moduleName did not match any paths pattern next-flight-client-entry-loader
2025-09-25T14:28:48.466Z next:jsconfig-paths-plugin moduleName did not match any paths pattern next-flight-client-entry-loader
2025-09-25T14:28:48.466Z next:jsconfig-paths-plugin moduleName did not match any paths pattern next-flight-client-entry-loader
2025-09-25T14:28:48.466Z next:jsconfig-paths-plugin moduleName did not match any paths pattern next-flight-client-entry-loader
2025-09-25T14:28:48.466Z next:jsconfig-paths-plugin moduleName did not match any paths pattern next-flight-client-entry-loader
2025-09-25T14:28:48.467Z next:jsconfig-paths-plugin moduleName did not match any paths pattern next-flight-client-entry-loader
2025-09-25T14:28:48.467Z next:jsconfig-paths-plugin moduleName did not match any paths pattern next-flight-client-entry-loader
2025-09-25T14:28:48.467Z next:jsconfig-paths-plugin moduleName did not match any paths pattern next-flight-client-entry-loader
2025-09-25T14:28:48.467Z next:jsconfig-paths-plugin moduleName did not match any paths pattern next-flight-client-entry-loader
2025-09-25T14:28:48.467Z next:jsconfig-paths-plugin moduleName did not match any paths pattern next-flight-client-entry-loader
2025-09-25T14:28:48.467Z next:jsconfig-paths-plugin moduleName did not match any paths pattern next-flight-client-entry-loader
2025-09-25T14:28:48.467Z next:jsconfig-paths-plugin moduleName did not match any paths pattern next-flight-client-entry-loader
2025-09-25T14:28:48.467Z next:jsconfig-paths-plugin moduleName did not match any paths pattern next-flight-client-entry-loader
2025-09-25T14:28:48.467Z next:jsconfig-paths-plugin moduleName did not match any paths pattern next-flight-client-entry-loader
2025-09-25T14:28:48.467Z next:jsconfig-paths-plugin moduleName did not match any paths pattern next-flight-client-entry-loader
2025-09-25T14:28:48.467Z next:jsconfig-paths-plugin moduleName did not match any paths pattern next-flight-client-entry-loader
2025-09-25T14:28:48.467Z next:jsconfig-paths-plugin moduleName did not match any paths pattern next-flight-client-entry-loader
2025-09-25T14:28:48.467Z next:jsconfig-paths-plugin moduleName did not match any paths pattern next-flight-client-entry-loader
2025-09-25T14:28:48.467Z next:jsconfig-paths-plugin moduleName did not match any paths pattern next-flight-client-entry-loader
2025-09-25T14:28:48.467Z next:jsconfig-paths-plugin moduleName did not match any paths pattern next-flight-client-entry-loader
2025-09-25T14:28:48.467Z next:jsconfig-paths-plugin moduleName did not match any paths pattern next-flight-client-entry-loader
2025-09-25T14:28:48.467Z next:jsconfig-paths-plugin moduleName did not match any paths pattern next-flight-client-entry-loader
2025-09-25T14:28:48.467Z next:jsconfig-paths-plugin moduleName did not match any paths pattern next-flight-client-entry-loader
2025-09-25T14:28:48.467Z next:jsconfig-paths-plugin moduleName did not match any paths pattern next-flight-client-entry-loader
2025-09-25T14:28:48.467Z next:jsconfig-paths-plugin moduleName did not match any paths pattern next-flight-client-entry-loader
2025-09-25T14:28:48.467Z next:jsconfig-paths-plugin moduleName did not match any paths pattern next-flight-client-entry-loader
2025-09-25T14:28:48.467Z next:jsconfig-paths-plugin moduleName did not match any paths pattern next-flight-client-entry-loader
2025-09-25T14:28:48.467Z next:jsconfig-paths-plugin moduleName did not match any paths pattern next-flight-client-entry-loader
2025-09-25T14:28:48.467Z next:jsconfig-paths-plugin moduleName did not match any paths pattern next-flight-client-entry-loader
2025-09-25T14:28:48.467Z next:jsconfig-paths-plugin moduleName did not match any paths pattern next-flight-client-entry-loader
2025-09-25T14:28:48.467Z next:jsconfig-paths-plugin moduleName did not match any paths pattern next-flight-client-entry-loader
2025-09-25T14:28:48.467Z next:jsconfig-paths-plugin moduleName did not match any paths pattern next-flight-client-entry-loader
2025-09-25T14:28:48.467Z next:jsconfig-paths-plugin moduleName did not match any paths pattern next-flight-client-entry-loader
2025-09-25T14:28:48.467Z next:jsconfig-paths-plugin moduleName did not match any paths pattern next-flight-client-entry-loader
2025-09-25T14:28:48.467Z next:jsconfig-paths-plugin moduleName did not match any paths pattern next-flight-client-entry-loader
2025-09-25T14:28:48.467Z next:jsconfig-paths-plugin moduleName did not match any paths pattern next-flight-client-entry-loader
2025-09-25T14:28:48.467Z next:jsconfig-paths-plugin moduleName did not match any paths pattern next-flight-client-entry-loader
2025-09-25T14:28:48.467Z next:jsconfig-paths-plugin moduleName did not match any paths pattern next-flight-client-entry-loader
2025-09-25T14:28:48.467Z next:jsconfig-paths-plugin moduleName did not match any paths pattern next-flight-client-entry-loader
2025-09-25T14:28:48.467Z next:jsconfig-paths-plugin moduleName did not match any paths pattern next-flight-client-entry-loader
2025-09-25T14:28:48.467Z next:jsconfig-paths-plugin moduleName did not match any paths pattern next-flight-client-entry-loader
2025-09-25T14:28:48.467Z next:jsconfig-paths-plugin moduleName did not match any paths pattern next-flight-client-entry-loader
2025-09-25T14:28:48.468Z next:jsconfig-paths-plugin moduleName did not match any paths pattern next-flight-client-entry-loader
2025-09-25T14:28:48.468Z next:jsconfig-paths-plugin moduleName did not match any paths pattern next-flight-client-entry-loader
2025-09-25T14:28:48.468Z next:jsconfig-paths-plugin moduleName did not match any paths pattern next-flight-client-entry-loader
2025-09-25T14:28:48.468Z next:jsconfig-paths-plugin moduleName did not match any paths pattern next-flight-client-entry-loader
2025-09-25T14:28:48.468Z next:jsconfig-paths-plugin moduleName did not match any paths pattern next-flight-client-entry-loader
2025-09-25T14:28:48.468Z next:jsconfig-paths-plugin moduleName did not match any paths pattern next-flight-client-entry-loader
2025-09-25T14:28:48.468Z next:jsconfig-paths-plugin moduleName did not match any paths pattern next-flight-client-entry-loader
2025-09-25T14:28:48.468Z next:jsconfig-paths-plugin moduleName did not match any paths pattern next-flight-client-entry-loader
2025-09-25T14:28:48.468Z next:jsconfig-paths-plugin moduleName did not match any paths pattern next-flight-client-entry-loader
2025-09-25T14:28:48.468Z next:jsconfig-paths-plugin moduleName did not match any paths pattern next-flight-client-entry-loader
2025-09-25T14:28:48.468Z next:jsconfig-paths-plugin moduleName did not match any paths pattern next-flight-client-entry-loader
2025-09-25T14:28:48.468Z next:jsconfig-paths-plugin moduleName did not match any paths pattern next-flight-client-entry-loader
2025-09-25T14:28:48.468Z next:jsconfig-paths-plugin moduleName did not match any paths pattern next-flight-client-entry-loader
2025-09-25T14:28:48.468Z next:jsconfig-paths-plugin moduleName did not match any paths pattern next-flight-client-entry-loader
2025-09-25T14:28:48.468Z next:jsconfig-paths-plugin moduleName did not match any paths pattern next-flight-client-entry-loader
2025-09-25T14:28:48.468Z next:jsconfig-paths-plugin moduleName did not match any paths pattern next-flight-client-entry-loader
2025-09-25T14:28:48.468Z next:jsconfig-paths-plugin moduleName did not match any paths pattern next-flight-client-entry-loader
2025-09-25T14:28:48.468Z next:jsconfig-paths-plugin moduleName did not match any paths pattern next-flight-client-entry-loader
2025-09-25T14:28:48.468Z next:jsconfig-paths-plugin moduleName did not match any paths pattern next-flight-client-entry-loader
2025-09-25T14:28:48.468Z next:jsconfig-paths-plugin moduleName did not match any paths pattern next-flight-client-entry-loader
2025-09-25T14:28:48.468Z next:jsconfig-paths-plugin moduleName did not match any paths pattern next-flight-client-entry-loader
2025-09-25T14:28:48.468Z next:jsconfig-paths-plugin moduleName did not match any paths pattern next-flight-client-entry-loader
2025-09-25T14:28:48.475Z next:jsconfig-paths-plugin moduleName did not match any paths pattern next-flight-action-entry-loader
2025-09-25T14:28:48.475Z next:jsconfig-paths-plugin moduleName did not match any paths pattern next-flight-action-entry-loader
2025-09-25T14:28:48.475Z next:jsconfig-paths-plugin moduleName did not match any paths pattern next-flight-action-entry-loader
2025-09-25T14:28:48.475Z next:jsconfig-paths-plugin moduleName did not match any paths pattern next-flight-action-entry-loader
2025-09-25T14:28:48.475Z next:jsconfig-paths-plugin moduleName did not match any paths pattern next-flight-action-entry-loader
2025-09-25T14:28:48.475Z next:jsconfig-paths-plugin moduleName did not match any paths pattern next-flight-action-entry-loader
2025-09-25T14:28:48.475Z next:jsconfig-paths-plugin moduleName did not match any paths pattern next-flight-action-entry-loader
2025-09-25T14:28:48.475Z next:jsconfig-paths-plugin moduleName did not match any paths pattern next-flight-action-entry-loader
2025-09-25T14:28:48.476Z next:jsconfig-paths-plugin moduleName did not match any paths pattern next-flight-action-entry-loader
2025-09-25T14:28:48.476Z next:jsconfig-paths-plugin moduleName did not match any paths pattern next-flight-action-entry-loader
2025-09-25T14:28:48.476Z next:jsconfig-paths-plugin moduleName did not match any paths pattern next-flight-action-entry-loader
2025-09-25T14:28:48.476Z next:jsconfig-paths-plugin moduleName did not match any paths pattern next-flight-action-entry-loader
2025-09-25T14:28:48.476Z next:jsconfig-paths-plugin moduleName did not match any paths pattern next-flight-action-entry-loader
2025-09-25T14:28:48.476Z next:jsconfig-paths-plugin moduleName did not match any paths pattern next-flight-action-entry-loader
2025-09-25T14:28:48.476Z next:jsconfig-paths-plugin moduleName did not match any paths pattern next-flight-action-entry-loader
2025-09-25T14:28:48.476Z next:jsconfig-paths-plugin moduleName did not match any paths pattern next-flight-action-entry-loader
2025-09-25T14:28:48.476Z next:jsconfig-paths-plugin moduleName did not match any paths pattern next-flight-action-entry-loader
2025-09-25T14:28:48.476Z next:jsconfig-paths-plugin moduleName did not match any paths pattern next-flight-action-entry-loader
2025-09-25T14:28:48.498Z next:jsconfig-paths-plugin skipping request as it is inside node_modules ./PromisifiedAuthProvider
2025-09-25T14:28:48.498Z next:jsconfig-paths-plugin skipping request as it is inside node_modules ../../client-boundary/hooks/useSafeLayoutEffect
2025-09-25T14:28:48.498Z next:jsconfig-paths-plugin skipping request as it is inside node_modules ../../client-boundary/NextOptionsContext
2025-09-25T14:28:48.498Z next:jsconfig-paths-plugin skipping request as it is inside node_modules ../../utils/clerk-js-script
2025-09-25T14:28:48.498Z next:jsconfig-paths-plugin skipping request as it is inside node_modules ../../utils/feature-flags
2025-09-25T14:28:48.498Z next:jsconfig-paths-plugin skipping request as it is inside node_modules ../../utils/feature-flags
2025-09-25T14:28:48.498Z next:jsconfig-paths-plugin skipping request as it is inside node_modules ../../utils/mergeNextClerkPropsWithEnv
2025-09-25T14:28:48.498Z next:jsconfig-paths-plugin skipping request as it is inside node_modules ../../utils/router-telemetry
2025-09-25T14:28:48.498Z next:jsconfig-paths-plugin skipping request as it is inside node_modules ../../utils/sdk-versions
2025-09-25T14:28:48.498Z next:jsconfig-paths-plugin skipping request as it is inside node_modules ../keyless-actions
2025-09-25T14:28:48.498Z next:jsconfig-paths-plugin skipping request as it is inside node_modules ../server-actions
2025-09-25T14:28:48.498Z next:jsconfig-paths-plugin skipping request as it is inside node_modules ./useAwaitablePush
2025-09-25T14:28:48.498Z next:jsconfig-paths-plugin skipping request as it is inside node_modules ./useAwaitableReplace
2025-09-25T14:28:48.498Z next:jsconfig-paths-plugin skipping request as it is inside node_modules next/dynamic
2025-09-25T14:28:48.498Z next:jsconfig-paths-plugin skipping request as it is inside node_modules next/navigation
2025-09-25T14:28:48.498Z next:jsconfig-paths-plugin moduleName did not match any paths pattern next/image
2025-09-25T14:28:48.498Z next:jsconfig-paths-plugin skipping request as it is inside node_modules /Users/akapat/Projects/personal/opensource/convex-nextjs/node_modules/.pnpm/next@15.3.5_@opentelemetry+api@1.9.0_react-dom@19.1.0_react@19.1.0__react@19.1.0/node_modules/next/dynamic
2025-09-25T14:28:48.498Z next:jsconfig-paths-plugin skipping request as it is inside node_modules /Users/akapat/Projects/personal/opensource/convex-nextjs/node_modules/.pnpm/next@15.3.5_@opentelemetry+api@1.9.0_react-dom@19.1.0_react@19.1.0__react@19.1.0/node_modules/next/navigation
2025-09-25T14:28:48.498Z next:jsconfig-paths-plugin skipping request as it is inside node_modules ./PromisifiedAuthProvider
2025-09-25T14:28:48.498Z next:jsconfig-paths-plugin skipping request as it is an absolute path /Users/akapat/Projects/personal/opensource/convex-nextjs/node_modules/.pnpm/next@15.3.5_@opentelemetry+api@1.9.0_react-dom@19.1.0_react@19.1.0__react@19.1.0/node_modules/next/image
2025-09-25T14:28:48.498Z next:jsconfig-paths-plugin skipping request as it is inside node_modules ../../utils/feature-flags
2025-09-25T14:28:48.498Z next:jsconfig-paths-plugin skipping request as it is inside node_modules ../../utils/feature-flags
2025-09-25T14:28:48.498Z next:jsconfig-paths-plugin skipping request as it is inside node_modules ../../utils/mergeNextClerkPropsWithEnv
2025-09-25T14:28:48.498Z next:jsconfig-paths-plugin skipping request as it is inside node_modules ../../utils/sdk-versions
2025-09-25T14:28:48.498Z next:jsconfig-paths-plugin skipping request as it is inside node_modules ../keyless-actions
2025-09-25T14:28:48.499Z next:jsconfig-paths-plugin skipping request as it is inside node_modules next/dist/api/navigation
2025-09-25T14:28:48.499Z next:jsconfig-paths-plugin skipping request as it is inside node_modules next/dist/api/image
2025-09-25T14:28:48.499Z next:jsconfig-paths-plugin skipping request as it is inside node_modules /Users/akapat/Projects/personal/opensource/convex-nextjs/node_modules/.pnpm/next@15.3.5_@opentelemetry+api@1.9.0_react-dom@19.1.0_react@19.1.0__react@19.1.0/node_modules/next/dist/api/navigation
2025-09-25T14:28:48.499Z next:jsconfig-paths-plugin skipping request as it is inside node_modules /Users/akapat/Projects/personal/opensource/convex-nextjs/node_modules/.pnpm/next@15.3.5_@opentelemetry+api@1.9.0_react-dom@19.1.0_react@19.1.0__react@19.1.0/node_modules/next/dist/api/image
2025-09-25T14:28:48.500Z next:jsconfig-paths-plugin skipping request as it is an absolute path /Users/akapat/Projects/personal/opensource/convex-nextjs/components/ui/badge
2025-09-25T14:28:48.500Z next:jsconfig-paths-plugin skipping request as it is an absolute path /Users/akapat/Projects/personal/opensource/convex-nextjs/components/ui/button
2025-09-25T14:28:48.500Z next:jsconfig-paths-plugin skipping request as it is an absolute path /Users/akapat/Projects/personal/opensource/convex-nextjs/components/ui/card
2025-09-25T14:28:48.500Z next:jsconfig-paths-plugin skipping request as it is an absolute path /Users/akapat/Projects/personal/opensource/convex-nextjs/convex/_generated/api
2025-09-25T14:28:48.500Z next:jsconfig-paths-plugin skipping request as it is an absolute path /Users/akapat/Projects/personal/opensource/convex-nextjs/components/ui/badge
2025-09-25T14:28:48.501Z next:jsconfig-paths-plugin skipping request as it is an absolute path /Users/akapat/Projects/personal/opensource/convex-nextjs/components/ui/button
2025-09-25T14:28:48.501Z next:jsconfig-paths-plugin skipping request as it is an absolute path /Users/akapat/Projects/personal/opensource/convex-nextjs/components/ui/card
2025-09-25T14:28:48.501Z next:jsconfig-paths-plugin skipping request as it is an absolute path /Users/akapat/Projects/personal/opensource/convex-nextjs/convex/_generated/api
2025-09-25T14:28:48.501Z next:jsconfig-paths-plugin skipping request as it is an absolute path /Users/akapat/Projects/personal/opensource/convex-nextjs/components/ui/badge
2025-09-25T14:28:48.501Z next:jsconfig-paths-plugin skipping request as it is an absolute path /Users/akapat/Projects/personal/opensource/convex-nextjs/components/ui/button
2025-09-25T14:28:48.501Z next:jsconfig-paths-plugin skipping request as it is an absolute path /Users/akapat/Projects/personal/opensource/convex-nextjs/components/ui/card
2025-09-25T14:28:48.501Z next:jsconfig-paths-plugin skipping request as it is an absolute path /Users/akapat/Projects/personal/opensource/convex-nextjs/components/ui/badge
2025-09-25T14:28:48.501Z next:jsconfig-paths-plugin skipping request as it is an absolute path /Users/akapat/Projects/personal/opensource/convex-nextjs/components/ui/button
2025-09-25T14:28:48.502Z next:jsconfig-paths-plugin skipping request as it is an absolute path /Users/akapat/Projects/personal/opensource/convex-nextjs/components/ui/card
2025-09-25T14:28:48.502Z next:jsconfig-paths-plugin skipping request as it is inside node_modules ../../client-boundary/NextOptionsContext
2025-09-25T14:28:48.502Z next:jsconfig-paths-plugin skipping request as it is inside node_modules ../../utils/clerk-js-script
2025-09-25T14:28:48.502Z next:jsconfig-paths-plugin skipping request as it is inside node_modules ../../utils/router-telemetry
2025-09-25T14:28:48.503Z next:jsconfig-paths-plugin skipping request as it is inside node_modules ../server-actions
2025-09-25T14:28:48.503Z next:jsconfig-paths-plugin skipping request as it is inside node_modules ./useAwaitablePush
2025-09-25T14:28:48.503Z next:jsconfig-paths-plugin skipping request as it is inside node_modules ./useAwaitableReplace
2025-09-25T14:28:48.504Z next:jsconfig-paths-plugin skipping request as it is inside node_modules ./hooks/useEnforceRoutingProps
2025-09-25T14:28:48.504Z next:jsconfig-paths-plugin skipping request as it is inside node_modules ../../client-boundary/hooks/useSafeLayoutEffect
2025-09-25T14:28:48.504Z next:jsconfig-paths-plugin skipping request as it is inside node_modules ./hooks/useEnforceRoutingProps
2025-09-25T14:28:48.504Z next:jsconfig-paths-plugin skipping request as it is an absolute path /Users/akapat/Projects/personal/opensource/convex-nextjs/components/ui/input
2025-09-25T14:28:48.504Z next:jsconfig-paths-plugin skipping request as it is an absolute path /Users/akapat/Projects/personal/opensource/convex-nextjs/components/ui/input
2025-09-25T14:28:48.504Z next:jsconfig-paths-plugin skipping request as it is an absolute path /Users/akapat/Projects/personal/opensource/convex-nextjs/components/ui/label
2025-09-25T14:28:48.505Z next:jsconfig-paths-plugin skipping request as it is an absolute path /Users/akapat/Projects/personal/opensource/convex-nextjs/components/ui/label
2025-09-25T14:28:48.505Z next:jsconfig-paths-plugin skipping request as it is an absolute path /Users/akapat/Projects/personal/opensource/convex-nextjs/components/ui/tabs
2025-09-25T14:28:48.505Z next:jsconfig-paths-plugin skipping request as it is an absolute path /Users/akapat/Projects/personal/opensource/convex-nextjs/components/ui/tabs
2025-09-25T14:28:48.505Z next:jsconfig-paths-plugin skipping request as it is an absolute path /Users/akapat/Projects/personal/opensource/convex-nextjs/components/ui/textarea
2025-09-25T14:28:48.505Z next:jsconfig-paths-plugin skipping request as it is an absolute path /Users/akapat/Projects/personal/opensource/convex-nextjs/components/ui/textarea
2025-09-25T14:28:48.505Z next:jsconfig-paths-plugin skipping request as it is an absolute path /Users/akapat/Projects/personal/opensource/convex-nextjs/components/ui/separator
2025-09-25T14:28:48.505Z next:jsconfig-paths-plugin skipping request as it is an absolute path /Users/akapat/Projects/personal/opensource/convex-nextjs/components/ui/separator
2025-09-25T14:28:48.509Z next:jsconfig-paths-plugin moduleName did not match any paths pattern next/link
2025-09-25T14:28:48.509Z next:jsconfig-paths-plugin skipping request as it is an absolute path /Users/akapat/Projects/personal/opensource/convex-nextjs/node_modules/.pnpm/next@15.3.5_@opentelemetry+api@1.9.0_react-dom@19.1.0_react@19.1.0__react@19.1.0/node_modules/next/link
2025-09-25T14:28:48.509Z next:jsconfig-paths-plugin skipping request as it is inside node_modules next/dist/client/app-dir/link
2025-09-25T14:28:48.509Z next:jsconfig-paths-plugin skipping request as it is inside node_modules /Users/akapat/Projects/personal/opensource/convex-nextjs/node_modules/.pnpm/next@15.3.5_@opentelemetry+api@1.9.0_react-dom@19.1.0_react@19.1.0__react@19.1.0/node_modules/next/dist/client/app-dir/link
2025-09-25T14:28:48.510Z next:jsconfig-paths-plugin skipping request as it is an absolute path /Users/akapat/Projects/personal/opensource/convex-nextjs/components/logo
2025-09-25T14:28:48.510Z next:jsconfig-paths-plugin skipping request as it is an absolute path /Users/akapat/Projects/personal/opensource/convex-nextjs/components/ui/button
2025-09-25T14:28:48.510Z next:jsconfig-paths-plugin skipping request as it is an absolute path /Users/akapat/Projects/personal/opensource/convex-nextjs/components/ui/badge
2025-09-25T14:28:48.510Z next:jsconfig-paths-plugin skipping request as it is an absolute path /Users/akapat/Projects/personal/opensource/convex-nextjs/components/logo
2025-09-25T14:28:48.510Z next:jsconfig-paths-plugin skipping request as it is an absolute path /Users/akapat/Projects/personal/opensource/convex-nextjs/components/ui/button
2025-09-25T14:28:48.510Z next:jsconfig-paths-plugin skipping request as it is an absolute path /Users/akapat/Projects/personal/opensource/convex-nextjs/components/ui/badge
2025-09-25T14:28:48.511Z next:jsconfig-paths-plugin skipping request as it is an absolute path /Users/akapat/Projects/personal/opensource/convex-nextjs/components/logo
2025-09-25T14:28:48.511Z next:jsconfig-paths-plugin skipping request as it is an absolute path /Users/akapat/Projects/personal/opensource/convex-nextjs/components/ui/button
2025-09-25T14:28:48.511Z next:jsconfig-paths-plugin skipping request as it is an absolute path /Users/akapat/Projects/personal/opensource/convex-nextjs/components/ui/badge
2025-09-25T14:28:48.511Z next:jsconfig-paths-plugin skipping request as it is an absolute path /Users/akapat/Projects/personal/opensource/convex-nextjs/components/logo
2025-09-25T14:28:48.511Z next:jsconfig-paths-plugin skipping request as it is an absolute path /Users/akapat/Projects/personal/opensource/convex-nextjs/components/ui/button
2025-09-25T14:28:48.511Z next:jsconfig-paths-plugin skipping request as it is an absolute path /Users/akapat/Projects/personal/opensource/convex-nextjs/components/ui/badge
2025-09-25T14:28:48.517Z next:jsconfig-paths-plugin moduleName did not match any paths pattern next/link
2025-09-25T14:28:48.517Z next:jsconfig-paths-plugin moduleName did not match any paths pattern next/navigation
2025-09-25T14:28:48.517Z next:jsconfig-paths-plugin skipping request as it is an absolute path /Users/akapat/Projects/personal/opensource/convex-nextjs/node_modules/.pnpm/next@15.3.5_@opentelemetry+api@1.9.0_react-dom@19.1.0_react@19.1.0__react@19.1.0/node_modules/next/link
2025-09-25T14:28:48.517Z next:jsconfig-paths-plugin skipping request as it is an absolute path /Users/akapat/Projects/personal/opensource/convex-nextjs/node_modules/.pnpm/next@15.3.5_@opentelemetry+api@1.9.0_react-dom@19.1.0_react@19.1.0__react@19.1.0/node_modules/next/navigation
2025-09-25T14:28:48.518Z next:jsconfig-paths-plugin skipping request as it is inside node_modules next/dist/client/app-dir/link
2025-09-25T14:28:48.518Z next:jsconfig-paths-plugin skipping request as it is inside node_modules next/dist/api/navigation
2025-09-25T14:28:48.518Z next:jsconfig-paths-plugin skipping request as it is inside node_modules /Users/akapat/Projects/personal/opensource/convex-nextjs/node_modules/.pnpm/next@15.3.5_@opentelemetry+api@1.9.0_react-dom@19.1.0_react@19.1.0__react@19.1.0/node_modules/next/dist/client/app-dir/link
2025-09-25T14:28:48.518Z next:jsconfig-paths-plugin skipping request as it is inside node_modules /Users/akapat/Projects/personal/opensource/convex-nextjs/node_modules/.pnpm/next@15.3.5_@opentelemetry+api@1.9.0_react-dom@19.1.0_react@19.1.0__react@19.1.0/node_modules/next/dist/api/navigation
2025-09-25T14:28:48.518Z next:jsconfig-paths-plugin skipping request as it is an absolute path /Users/akapat/Projects/personal/opensource/convex-nextjs/lib/utils
2025-09-25T14:28:48.518Z next:jsconfig-paths-plugin skipping request as it is an absolute path /Users/akapat/Projects/personal/opensource/convex-nextjs/components/ui/sidebar
2025-09-25T14:28:48.518Z next:jsconfig-paths-plugin skipping request as it is an absolute path /Users/akapat/Projects/personal/opensource/convex-nextjs/components/ui/sidebar
2025-09-25T14:28:48.518Z next:jsconfig-paths-plugin skipping request as it is an absolute path /Users/akapat/Projects/personal/opensource/convex-nextjs/components/logo
2025-09-25T14:28:48.518Z next:jsconfig-paths-plugin skipping request as it is an absolute path /Users/akapat/Projects/personal/opensource/convex-nextjs/components/ui/badge
2025-09-25T14:28:48.518Z next:jsconfig-paths-plugin skipping request as it is an absolute path /Users/akapat/Projects/personal/opensource/convex-nextjs/components/ui/separator
2025-09-25T14:28:48.518Z next:jsconfig-paths-plugin skipping request as it is an absolute path /Users/akapat/Projects/personal/opensource/convex-nextjs/lib/utils
2025-09-25T14:28:48.518Z next:jsconfig-paths-plugin skipping request as it is an absolute path /Users/akapat/Projects/personal/opensource/convex-nextjs/components/ui/button
2025-09-25T14:28:48.518Z next:jsconfig-paths-plugin skipping request as it is an absolute path /Users/akapat/Projects/personal/opensource/convex-nextjs/components/ui/input
2025-09-25T14:28:48.518Z next:jsconfig-paths-plugin skipping request as it is an absolute path /Users/akapat/Projects/personal/opensource/convex-nextjs/components/ui/separator
2025-09-25T14:28:48.519Z next:jsconfig-paths-plugin skipping request as it is an absolute path /Users/akapat/Projects/personal/opensource/convex-nextjs/lib/utils
2025-09-25T14:28:48.519Z next:jsconfig-paths-plugin skipping request as it is an absolute path /Users/akapat/Projects/personal/opensource/convex-nextjs/components/logo
2025-09-25T14:28:48.519Z next:jsconfig-paths-plugin skipping request as it is an absolute path /Users/akapat/Projects/personal/opensource/convex-nextjs/lib/utils
2025-09-25T14:28:48.519Z next:jsconfig-paths-plugin skipping request as it is an absolute path /Users/akapat/Projects/personal/opensource/convex-nextjs/components/ui/sidebar
2025-09-25T14:28:48.519Z next:jsconfig-paths-plugin skipping request as it is an absolute path /Users/akapat/Projects/personal/opensource/convex-nextjs/components/ui/sidebar
2025-09-25T14:28:48.519Z next:jsconfig-paths-plugin skipping request as it is an absolute path /Users/akapat/Projects/personal/opensource/convex-nextjs/components/ui/badge
2025-09-25T14:28:48.519Z next:jsconfig-paths-plugin skipping request as it is an absolute path /Users/akapat/Projects/personal/opensource/convex-nextjs/components/ui/separator
2025-09-25T14:28:48.519Z next:jsconfig-paths-plugin skipping request as it is an absolute path /Users/akapat/Projects/personal/opensource/convex-nextjs/components/ui/button
2025-09-25T14:28:48.519Z next:jsconfig-paths-plugin skipping request as it is an absolute path /Users/akapat/Projects/personal/opensource/convex-nextjs/components/ui/input
2025-09-25T14:28:48.519Z next:jsconfig-paths-plugin skipping request as it is an absolute path /Users/akapat/Projects/personal/opensource/convex-nextjs/components/ui/separator
2025-09-25T14:28:48.520Z next:jsconfig-paths-plugin skipping request as it is an absolute path /Users/akapat/Projects/personal/opensource/convex-nextjs/lib/utils
2025-09-25T14:28:48.520Z next:jsconfig-paths-plugin skipping request as it is an absolute path /Users/akapat/Projects/personal/opensource/convex-nextjs/components/logo
2025-09-25T14:28:48.520Z next:jsconfig-paths-plugin skipping request as it is an absolute path /Users/akapat/Projects/personal/opensource/convex-nextjs/lib/utils
2025-09-25T14:28:48.520Z next:jsconfig-paths-plugin skipping request as it is an absolute path /Users/akapat/Projects/personal/opensource/convex-nextjs/components/ui/sidebar
2025-09-25T14:28:48.520Z next:jsconfig-paths-plugin skipping request as it is an absolute path /Users/akapat/Projects/personal/opensource/convex-nextjs/components/ui/sidebar
2025-09-25T14:28:48.520Z next:jsconfig-paths-plugin skipping request as it is an absolute path /Users/akapat/Projects/personal/opensource/convex-nextjs/components/ui/badge
2025-09-25T14:28:48.520Z next:jsconfig-paths-plugin skipping request as it is an absolute path /Users/akapat/Projects/personal/opensource/convex-nextjs/components/ui/button
2025-09-25T14:28:48.520Z next:jsconfig-paths-plugin skipping request as it is an absolute path /Users/akapat/Projects/personal/opensource/convex-nextjs/lib/utils
2025-09-25T14:28:48.520Z next:jsconfig-paths-plugin skipping request as it is an absolute path /Users/akapat/Projects/personal/opensource/convex-nextjs/components/logo
2025-09-25T14:28:48.520Z next:jsconfig-paths-plugin skipping request as it is an absolute path /Users/akapat/Projects/personal/opensource/convex-nextjs/lib/utils
2025-09-25T14:28:48.520Z next:jsconfig-paths-plugin skipping request as it is an absolute path /Users/akapat/Projects/personal/opensource/convex-nextjs/components/ui/sidebar
2025-09-25T14:28:48.520Z next:jsconfig-paths-plugin skipping request as it is an absolute path /Users/akapat/Projects/personal/opensource/convex-nextjs/components/ui/sidebar
2025-09-25T14:28:48.520Z next:jsconfig-paths-plugin skipping request as it is an absolute path /Users/akapat/Projects/personal/opensource/convex-nextjs/components/ui/badge
2025-09-25T14:28:48.520Z next:jsconfig-paths-plugin skipping request as it is an absolute path /Users/akapat/Projects/personal/opensource/convex-nextjs/components/ui/button
2025-09-25T14:28:48.522Z next:jsconfig-paths-plugin skipping request as it is an absolute path /Users/akapat/Projects/personal/opensource/convex-nextjs/components/ui/input
2025-09-25T14:28:48.522Z next:jsconfig-paths-plugin skipping request as it is an absolute path /Users/akapat/Projects/personal/opensource/convex-nextjs/components/ui/input
2025-09-25T14:28:48.523Z next:jsconfig-paths-plugin skipping request as it is an absolute path /Users/akapat/Projects/personal/opensource/convex-nextjs/components/ui/input
2025-09-25T14:28:48.523Z next:jsconfig-paths-plugin skipping request as it is an absolute path /Users/akapat/Projects/personal/opensource/convex-nextjs/components/ui/input
2025-09-25T14:28:48.523Z next:jsconfig-paths-plugin skipping request as it is an absolute path /Users/akapat/Projects/personal/opensource/convex-nextjs/components/ui/label
2025-09-25T14:28:48.523Z next:jsconfig-paths-plugin skipping request as it is an absolute path /Users/akapat/Projects/personal/opensource/convex-nextjs/components/ui/label
2025-09-25T14:28:48.523Z next:jsconfig-paths-plugin skipping request as it is an absolute path /Users/akapat/Projects/personal/opensource/convex-nextjs/components/ui/tabs
2025-09-25T14:28:48.523Z next:jsconfig-paths-plugin skipping request as it is an absolute path /Users/akapat/Projects/personal/opensource/convex-nextjs/components/ui/tabs
2025-09-25T14:28:48.523Z next:jsconfig-paths-plugin skipping request as it is an absolute path /Users/akapat/Projects/personal/opensource/convex-nextjs/components/ui/textarea
2025-09-25T14:28:48.524Z next:jsconfig-paths-plugin skipping request as it is an absolute path /Users/akapat/Projects/personal/opensource/convex-nextjs/components/ui/textarea
2025-09-25T14:28:48.524Z next:jsconfig-paths-plugin skipping request as it is an absolute path /Users/akapat/Projects/personal/opensource/convex-nextjs/components/ui/separator
2025-09-25T14:28:48.524Z next:jsconfig-paths-plugin skipping request as it is an absolute path /Users/akapat/Projects/personal/opensource/convex-nextjs/components/ui/separator
2025-09-25T14:28:48.524Z next:jsconfig-paths-plugin skipping request as it is an absolute path /Users/akapat/Projects/personal/opensource/convex-nextjs/components/ui/separator
2025-09-25T14:28:48.524Z next:jsconfig-paths-plugin skipping request as it is an absolute path /Users/akapat/Projects/personal/opensource/convex-nextjs/components/ui/separator
2025-09-25T14:28:48.524Z next:jsconfig-paths-plugin skipping request as it is an absolute path /Users/akapat/Projects/personal/opensource/convex-nextjs/components/ui/separator
2025-09-25T14:28:48.524Z next:jsconfig-paths-plugin skipping request as it is an absolute path /Users/akapat/Projects/personal/opensource/convex-nextjs/components/ui/separator
2025-09-25T14:28:48.525Z next:jsconfig-paths-plugin skipping request as it is an absolute path /Users/akapat/Projects/personal/opensource/convex-nextjs/lib/utils
2025-09-25T14:28:48.525Z next:jsconfig-paths-plugin skipping request as it is an absolute path /Users/akapat/Projects/personal/opensource/convex-nextjs/lib/utils
2025-09-25T14:28:48.525Z next:jsconfig-paths-plugin skipping request as it is an absolute path /Users/akapat/Projects/personal/opensource/convex-nextjs/lib/utils
2025-09-25T14:28:48.525Z next:jsconfig-paths-plugin skipping request as it is an absolute path /Users/akapat/Projects/personal/opensource/convex-nextjs/lib/utils
2025-09-25T14:28:48.526Z next:jsconfig-paths-plugin skipping request as it is a relative path ./header
2025-09-25T14:28:48.526Z next:jsconfig-paths-plugin moduleName did not match any paths pattern next/image
2025-09-25T14:28:48.526Z next:jsconfig-paths-plugin skipping request as it is an absolute path /Users/akapat/Projects/personal/opensource/convex-nextjs/lib/utils
2025-09-25T14:28:48.526Z next:jsconfig-paths-plugin skipping request as it is an absolute path /Users/akapat/Projects/personal/opensource/convex-nextjs/lib/utils
2025-09-25T14:28:48.526Z next:jsconfig-paths-plugin skipping request as it is an absolute path /Users/akapat/Projects/personal/opensource/convex-nextjs/node_modules/.pnpm/next@15.3.5_@opentelemetry+api@1.9.0_react-dom@19.1.0_react@19.1.0__react@19.1.0/node_modules/next/image
2025-09-25T14:28:48.526Z next:jsconfig-paths-plugin skipping request as it is a relative path ./header
2025-09-25T14:28:48.527Z next:jsconfig-paths-plugin skipping request as it is inside node_modules next/dist/api/image
2025-09-25T14:28:48.527Z next:jsconfig-paths-plugin skipping request as it is inside node_modules /Users/akapat/Projects/personal/opensource/convex-nextjs/node_modules/.pnpm/next@15.3.5_@opentelemetry+api@1.9.0_react-dom@19.1.0_react@19.1.0__react@19.1.0/node_modules/next/dist/api/image
2025-09-25T14:28:48.527Z next:jsconfig-paths-plugin skipping request as it is an absolute path /Users/akapat/Projects/personal/opensource/convex-nextjs/lib/utils
2025-09-25T14:28:48.527Z next:jsconfig-paths-plugin skipping request as it is an absolute path /Users/akapat/Projects/personal/opensource/convex-nextjs/lib/utils
2025-09-25T14:28:48.528Z next:jsconfig-paths-plugin skipping request as it is a relative path ./header
2025-09-25T14:28:48.528Z next:jsconfig-paths-plugin skipping request as it is a relative path ./header
2025-09-25T14:28:48.540Z next:jsconfig-paths-plugin skipping request as it is an absolute path /Users/akapat/Projects/personal/opensource/convex-nextjs/app/dashboard/nav-main
2025-09-25T14:28:48.540Z next:jsconfig-paths-plugin skipping request as it is an absolute path /Users/akapat/Projects/personal/opensource/convex-nextjs/app/dashboard/nav-main
2025-09-25T14:28:48.540Z next:jsconfig-paths-plugin skipping request as it is an absolute path /Users/akapat/Projects/personal/opensource/convex-nextjs/app/dashboard/nav-documents
2025-09-25T14:28:48.540Z next:jsconfig-paths-plugin skipping request as it is an absolute path /Users/akapat/Projects/personal/opensource/convex-nextjs/app/dashboard/nav-documents
2025-09-25T14:28:48.540Z next:jsconfig-paths-plugin skipping request as it is an absolute path /Users/akapat/Projects/personal/opensource/convex-nextjs/app/dashboard/nav-secondary
2025-09-25T14:28:48.540Z next:jsconfig-paths-plugin skipping request as it is an absolute path /Users/akapat/Projects/personal/opensource/convex-nextjs/app/dashboard/nav-secondary
2025-09-25T14:28:48.540Z next:jsconfig-paths-plugin skipping request as it is an absolute path /Users/akapat/Projects/personal/opensource/convex-nextjs/app/dashboard/nav-user
2025-09-25T14:28:48.540Z next:jsconfig-paths-plugin skipping request as it is an absolute path /Users/akapat/Projects/personal/opensource/convex-nextjs/app/dashboard/nav-user
2025-09-25T14:28:48.541Z next:jsconfig-paths-plugin skipping request as it is an absolute path /Users/akapat/Projects/personal/opensource/convex-nextjs/hooks/use-mobile
2025-09-25T14:28:48.541Z next:jsconfig-paths-plugin skipping request as it is an absolute path /Users/akapat/Projects/personal/opensource/convex-nextjs/components/ui/sheet
2025-09-25T14:28:48.541Z next:jsconfig-paths-plugin skipping request as it is an absolute path /Users/akapat/Projects/personal/opensource/convex-nextjs/components/ui/sheet
2025-09-25T14:28:48.541Z next:jsconfig-paths-plugin skipping request as it is an absolute path /Users/akapat/Projects/personal/opensource/convex-nextjs/components/ui/skeleton
2025-09-25T14:28:48.541Z next:jsconfig-paths-plugin skipping request as it is an absolute path /Users/akapat/Projects/personal/opensource/convex-nextjs/components/ui/skeleton
2025-09-25T14:28:48.541Z next:jsconfig-paths-plugin skipping request as it is an absolute path /Users/akapat/Projects/personal/opensource/convex-nextjs/components/ui/tooltip
2025-09-25T14:28:48.541Z next:jsconfig-paths-plugin skipping request as it is an absolute path /Users/akapat/Projects/personal/opensource/convex-nextjs/components/ui/tooltip
2025-09-25T14:28:48.549Z next:jsconfig-paths-plugin skipping request as it is inside node_modules ../keyless-actions
2025-09-25T14:28:48.549Z next:jsconfig-paths-plugin skipping request as it is an absolute path /Users/akapat/Projects/personal/opensource/convex-nextjs/lib/utils
2025-09-25T14:28:48.549Z next:jsconfig-paths-plugin skipping request as it is an absolute path /Users/akapat/Projects/personal/opensource/convex-nextjs/lib/utils
2025-09-25T14:28:48.549Z next:jsconfig-paths-plugin skipping request as it is an absolute path /Users/akapat/Projects/personal/opensource/convex-nextjs/lib/utils
2025-09-25T14:28:48.550Z next:jsconfig-paths-plugin skipping request as it is inside node_modules ../keyless-actions
2025-09-25T14:28:48.550Z next:jsconfig-paths-plugin skipping request as it is an absolute path /Users/akapat/Projects/personal/opensource/convex-nextjs/lib/utils
2025-09-25T14:28:48.550Z next:jsconfig-paths-plugin skipping request as it is an absolute path /Users/akapat/Projects/personal/opensource/convex-nextjs/lib/utils
2025-09-25T14:28:48.550Z next:jsconfig-paths-plugin skipping request as it is an absolute path /Users/akapat/Projects/personal/opensource/convex-nextjs/lib/utils
2025-09-25T14:28:48.554Z next:jsconfig-paths-plugin skipping request as it is inside node_modules ./client-boundary/controlComponents
2025-09-25T14:28:48.554Z next:jsconfig-paths-plugin skipping request as it is inside node_modules ./client-boundary/uiComponents
2025-09-25T14:28:48.554Z next:jsconfig-paths-plugin skipping request as it is inside node_modules ./client-boundary/hooks
2025-09-25T14:28:48.554Z next:jsconfig-paths-plugin moduleName did not match any paths pattern #components
2025-09-25T14:28:48.554Z next:jsconfig-paths-plugin skipping request as it is inside node_modules ../server/constants
2025-09-25T14:28:48.554Z next:jsconfig-paths-plugin skipping request as it is inside node_modules ../server/constants
2025-09-25T14:28:48.555Z next:jsconfig-paths-plugin skipping request as it is inside node_modules ./sdk-versions
2025-09-25T14:28:48.555Z next:jsconfig-paths-plugin skipping request as it is inside node_modules ../client-boundary/NextOptionsContext
2025-09-25T14:28:48.555Z next:jsconfig-paths-plugin skipping request as it is inside node_modules ../client-boundary/hooks
2025-09-25T14:28:48.555Z next:jsconfig-paths-plugin skipping request as it is inside node_modules ../client-boundary/hooks/usePagesRouter
2025-09-25T14:28:48.555Z next:jsconfig-paths-plugin skipping request as it is inside node_modules next/script
2025-09-25T14:28:48.555Z next:jsconfig-paths-plugin moduleName did not match any paths pattern #components
2025-09-25T14:28:48.555Z next:jsconfig-paths-plugin skipping request as it is inside node_modules ../shared/lib/image-external
2025-09-25T14:28:48.555Z next:jsconfig-paths-plugin skipping request as it is inside node_modules /Users/akapat/Projects/personal/opensource/convex-nextjs/node_modules/.pnpm/next@15.3.5_@opentelemetry+api@1.9.0_react-dom@19.1.0_react@19.1.0__react@19.1.0/node_modules/next/script
2025-09-25T14:28:48.555Z next:jsconfig-paths-plugin skipping request as it is inside node_modules ./client-boundary/controlComponents
2025-09-25T14:28:48.555Z next:jsconfig-paths-plugin skipping request as it is inside node_modules ./client-boundary/uiComponents
2025-09-25T14:28:48.555Z next:jsconfig-paths-plugin skipping request as it is inside node_modules ./client-boundary/hooks
2025-09-25T14:28:48.555Z next:jsconfig-paths-plugin skipping request as it is an absolute path /Users/akapat/Projects/personal/opensource/convex-nextjs/lib/utils
2025-09-25T14:28:48.555Z next:jsconfig-paths-plugin skipping request as it is an absolute path /Users/akapat/Projects/personal/opensource/convex-nextjs/lib/utils
2025-09-25T14:28:48.555Z next:jsconfig-paths-plugin skipping request as it is an absolute path /Users/akapat/Projects/personal/opensource/convex-nextjs/lib/utils
2025-09-25T14:28:48.555Z next:jsconfig-paths-plugin skipping request as it is inside node_modules ../server/constants
2025-09-25T14:28:48.555Z next:jsconfig-paths-plugin skipping request as it is inside node_modules ../server/constants
2025-09-25T14:28:48.555Z next:jsconfig-paths-plugin skipping request as it is inside node_modules ./sdk-versions
2025-09-25T14:28:48.555Z next:jsconfig-paths-plugin skipping request as it is inside node_modules ../client-boundary/NextOptionsContext
2025-09-25T14:28:48.555Z next:jsconfig-paths-plugin skipping request as it is inside node_modules ../client-boundary/hooks
2025-09-25T14:28:48.555Z next:jsconfig-paths-plugin skipping request as it is inside node_modules ../shared/lib/image-external
2025-09-25T14:28:48.555Z next:jsconfig-paths-plugin skipping request as it is an absolute path /Users/akapat/Projects/personal/opensource/convex-nextjs/lib/utils
2025-09-25T14:28:48.555Z next:jsconfig-paths-plugin skipping request as it is an absolute path /Users/akapat/Projects/personal/opensource/convex-nextjs/lib/utils
2025-09-25T14:28:48.555Z next:jsconfig-paths-plugin skipping request as it is an absolute path /Users/akapat/Projects/personal/opensource/convex-nextjs/lib/utils
2025-09-25T14:28:48.557Z next:jsconfig-paths-plugin moduleName did not match any paths pattern #components
2025-09-25T14:28:48.557Z next:jsconfig-paths-plugin moduleName did not match any paths pattern #components
2025-09-25T14:28:48.557Z next:jsconfig-paths-plugin moduleName did not match any paths pattern @clerk/themes
2025-09-25T14:28:48.557Z next:jsconfig-paths-plugin moduleName did not match any paths pattern @clerk/themes
2025-09-25T14:28:48.558Z next:jsconfig-paths-plugin skipping request as it is an absolute path /Users/akapat/Projects/personal/opensource/convex-nextjs/hooks/use-mobile
2025-09-25T14:28:48.558Z next:jsconfig-paths-plugin skipping request as it is inside node_modules ../client-boundary/hooks/usePagesRouter
2025-09-25T14:28:48.558Z next:jsconfig-paths-plugin skipping request as it is an absolute path /Users/akapat/Projects/personal/opensource/convex-nextjs/components/magicui/animated-list
2025-09-25T14:28:48.558Z next:jsconfig-paths-plugin skipping request as it is an absolute path /Users/akapat/Projects/personal/opensource/convex-nextjs/components/kokonutui/beams-background
2025-09-25T14:28:48.558Z next:jsconfig-paths-plugin skipping request as it is an absolute path /Users/akapat/Projects/personal/opensource/convex-nextjs/components/react-bits/AnimatedContent
2025-09-25T14:28:48.558Z next:jsconfig-paths-plugin skipping request as it is an absolute path /Users/akapat/Projects/personal/opensource/convex-nextjs/components/react-bits/AnimatedContent
2025-09-25T14:28:48.561Z next:jsconfig-paths-plugin skipping request as it is inside node_modules ./useInternalNavFun
2025-09-25T14:28:48.561Z next:jsconfig-paths-plugin skipping request as it is inside node_modules ./useInternalNavFun
2025-09-25T14:28:48.561Z next:jsconfig-paths-plugin skipping request as it is inside node_modules ./useEnforceCatchAllRoute
2025-09-25T14:28:48.561Z next:jsconfig-paths-plugin skipping request as it is inside node_modules ./usePathnameWithoutCatchAll
2025-09-25T14:28:48.561Z next:jsconfig-paths-plugin skipping request as it is inside node_modules next-flight-server-reference-proxy-loader
2025-09-25T14:28:48.562Z next:jsconfig-paths-plugin skipping request as it is inside node_modules next-flight-server-reference-proxy-loader
2025-09-25T14:28:48.562Z next:jsconfig-paths-plugin skipping request as it is inside node_modules next-flight-server-reference-proxy-loader
2025-09-25T14:28:48.562Z next:jsconfig-paths-plugin skipping request as it is inside node_modules next-flight-server-reference-proxy-loader
2025-09-25T14:28:48.562Z next:jsconfig-paths-plugin skipping request as it is inside node_modules next-flight-server-reference-proxy-loader
2025-09-25T14:28:48.563Z next:jsconfig-paths-plugin skipping request as it is inside node_modules next/dist/api/app-dynamic
2025-09-25T14:28:48.563Z next:jsconfig-paths-plugin skipping request as it is inside node_modules /Users/akapat/Projects/personal/opensource/convex-nextjs/node_modules/.pnpm/next@15.3.5_@opentelemetry+api@1.9.0_react-dom@19.1.0_react@19.1.0__react@19.1.0/node_modules/next/dist/api/app-dynamic
2025-09-25T14:28:48.563Z next:jsconfig-paths-plugin skipping request as it is an absolute path /Users/akapat/Projects/personal/opensource/convex-nextjs/components/magicui/animated-list
2025-09-25T14:28:48.563Z next:jsconfig-paths-plugin skipping request as it is an absolute path /Users/akapat/Projects/personal/opensource/convex-nextjs/components/kokonutui/beams-background
2025-09-25T14:28:48.563Z next:jsconfig-paths-plugin skipping request as it is inside node_modules ./useInternalNavFun
2025-09-25T14:28:48.564Z next:jsconfig-paths-plugin skipping request as it is inside node_modules ./useInternalNavFun
2025-09-25T14:28:48.564Z next:jsconfig-paths-plugin skipping request as it is inside node_modules ./useEnforceCatchAllRoute
2025-09-25T14:28:48.564Z next:jsconfig-paths-plugin skipping request as it is inside node_modules ./usePathnameWithoutCatchAll
2025-09-25T14:28:48.564Z next:jsconfig-paths-plugin skipping request as it is an absolute path /Users/akapat/Projects/personal/opensource/convex-nextjs/app/dashboard/nav-main
2025-09-25T14:28:48.564Z next:jsconfig-paths-plugin skipping request as it is an absolute path /Users/akapat/Projects/personal/opensource/convex-nextjs/app/dashboard/nav-main
2025-09-25T14:28:48.565Z next:jsconfig-paths-plugin skipping request as it is an absolute path /Users/akapat/Projects/personal/opensource/convex-nextjs/app/dashboard/nav-documents
2025-09-25T14:28:48.565Z next:jsconfig-paths-plugin skipping request as it is an absolute path /Users/akapat/Projects/personal/opensource/convex-nextjs/app/dashboard/nav-documents
2025-09-25T14:28:48.565Z next:jsconfig-paths-plugin skipping request as it is an absolute path /Users/akapat/Projects/personal/opensource/convex-nextjs/app/dashboard/nav-secondary
2025-09-25T14:28:48.565Z next:jsconfig-paths-plugin skipping request as it is an absolute path /Users/akapat/Projects/personal/opensource/convex-nextjs/app/dashboard/nav-secondary
2025-09-25T14:28:48.565Z next:jsconfig-paths-plugin skipping request as it is an absolute path /Users/akapat/Projects/personal/opensource/convex-nextjs/app/dashboard/nav-user
2025-09-25T14:28:48.565Z next:jsconfig-paths-plugin skipping request as it is an absolute path /Users/akapat/Projects/personal/opensource/convex-nextjs/app/dashboard/nav-user
2025-09-25T14:28:48.568Z next:jsconfig-paths-plugin skipping request as it is an absolute path /Users/akapat/Projects/personal/opensource/convex-nextjs/lib/utils
2025-09-25T14:28:48.568Z next:jsconfig-paths-plugin skipping request as it is an absolute path /Users/akapat/Projects/personal/opensource/convex-nextjs/lib/utils
2025-09-25T14:28:48.568Z next:jsconfig-paths-plugin skipping request as it is an absolute path /Users/akapat/Projects/personal/opensource/convex-nextjs/lib/utils
2025-09-25T14:28:48.568Z next:jsconfig-paths-plugin skipping request as it is an absolute path /Users/akapat/Projects/personal/opensource/convex-nextjs/lib/utils
2025-09-25T14:28:48.569Z next:jsconfig-paths-plugin skipping request as it is an absolute path /Users/akapat/Projects/personal/opensource/convex-nextjs/components/ui/sheet
2025-09-25T14:28:48.569Z next:jsconfig-paths-plugin skipping request as it is an absolute path /Users/akapat/Projects/personal/opensource/convex-nextjs/components/ui/sheet
2025-09-25T14:28:48.570Z next:jsconfig-paths-plugin skipping request as it is an absolute path /Users/akapat/Projects/personal/opensource/convex-nextjs/components/ui/skeleton
2025-09-25T14:28:48.570Z next:jsconfig-paths-plugin skipping request as it is an absolute path /Users/akapat/Projects/personal/opensource/convex-nextjs/components/ui/skeleton
2025-09-25T14:28:48.570Z next:jsconfig-paths-plugin skipping request as it is an absolute path /Users/akapat/Projects/personal/opensource/convex-nextjs/components/ui/tooltip
2025-09-25T14:28:48.570Z next:jsconfig-paths-plugin skipping request as it is an absolute path /Users/akapat/Projects/personal/opensource/convex-nextjs/components/ui/tooltip
2025-09-25T14:28:48.570Z next:jsconfig-paths-plugin skipping request as it is an absolute path /Users/akapat/Projects/personal/opensource/convex-nextjs/hooks/use-mobile
2025-09-25T14:28:48.570Z next:jsconfig-paths-plugin skipping request as it is an absolute path /Users/akapat/Projects/personal/opensource/convex-nextjs/hooks/use-mobile
2025-09-25T14:28:48.575Z next:jsconfig-paths-plugin skipping request as it is an absolute path /Users/akapat/Projects/personal/opensource/convex-nextjs/components/react-bits/AnimatedContent
2025-09-25T14:28:48.576Z next:jsconfig-paths-plugin skipping request as it is an absolute path /Users/akapat/Projects/personal/opensource/convex-nextjs/components/react-bits/AnimatedContent
2025-09-25T14:28:48.576Z next:jsconfig-paths-plugin skipping request as it is an absolute path /Users/akapat/Projects/personal/opensource/convex-nextjs/components/magicui/animated-list
2025-09-25T14:28:48.576Z next:jsconfig-paths-plugin skipping request as it is an absolute path /Users/akapat/Projects/personal/opensource/convex-nextjs/components/magicui/animated-list
2025-09-25T14:28:48.577Z next:jsconfig-paths-plugin skipping request as it is an absolute path /Users/akapat/Projects/personal/opensource/convex-nextjs/components/kokonutui/beams-background
2025-09-25T14:28:48.577Z next:jsconfig-paths-plugin skipping request as it is an absolute path /Users/akapat/Projects/personal/opensource/convex-nextjs/components/kokonutui/beams-background
2025-09-25T14:28:48.581Z next:jsconfig-paths-plugin skipping request as it is inside node_modules next-flight-server-reference-proxy-loader
2025-09-25T14:28:48.581Z next:jsconfig-paths-plugin skipping request as it is inside node_modules next-flight-server-reference-proxy-loader
2025-09-25T14:28:48.581Z next:jsconfig-paths-plugin skipping request as it is inside node_modules next-flight-server-reference-proxy-loader
2025-09-25T14:28:48.581Z next:jsconfig-paths-plugin skipping request as it is inside node_modules next-flight-server-reference-proxy-loader
2025-09-25T14:28:48.581Z next:jsconfig-paths-plugin skipping request as it is inside node_modules next-flight-server-reference-proxy-loader
2025-09-25T14:28:48.581Z next:jsconfig-paths-plugin skipping request as it is inside node_modules next-flight-server-reference-proxy-loader
2025-09-25T14:28:48.581Z next:jsconfig-paths-plugin skipping request as it is inside node_modules next-flight-server-reference-proxy-loader
2025-09-25T14:28:48.581Z next:jsconfig-paths-plugin skipping request as it is inside node_modules next-flight-server-reference-proxy-loader
2025-09-25T14:28:48.581Z next:jsconfig-paths-plugin skipping request as it is inside node_modules next-flight-server-reference-proxy-loader
2025-09-25T14:28:48.581Z next:jsconfig-paths-plugin skipping request as it is inside node_modules next-flight-server-reference-proxy-loader
2025-09-25T14:28:48.582Z next:jsconfig-paths-plugin skipping request as it is inside node_modules next-flight-server-reference-proxy-loader
2025-09-25T14:28:48.582Z next:jsconfig-paths-plugin skipping request as it is inside node_modules next-flight-server-reference-proxy-loader
2025-09-25T14:28:48.582Z next:jsconfig-paths-plugin skipping request as it is inside node_modules next-flight-server-reference-proxy-loader
2025-09-25T14:28:48.582Z next:jsconfig-paths-plugin skipping request as it is inside node_modules next-flight-server-reference-proxy-loader
2025-09-25T14:28:48.582Z next:jsconfig-paths-plugin skipping request as it is inside node_modules next-flight-server-reference-proxy-loader
2025-09-25T14:28:48.583Z next:jsconfig-paths-plugin skipping request as it is an absolute path /Users/akapat/Projects/personal/opensource/convex-nextjs/lib/utils
2025-09-25T14:28:48.583Z next:jsconfig-paths-plugin skipping request as it is an absolute path /Users/akapat/Projects/personal/opensource/convex-nextjs/lib/utils
2025-09-25T14:28:48.583Z next:jsconfig-paths-plugin skipping request as it is an absolute path /Users/akapat/Projects/personal/opensource/convex-nextjs/lib/utils
2025-09-25T14:28:48.583Z next:jsconfig-paths-plugin skipping request as it is an absolute path /Users/akapat/Projects/personal/opensource/convex-nextjs/lib/utils
2025-09-25T14:28:48.583Z next:jsconfig-paths-plugin skipping request as it is an absolute path /Users/akapat/Projects/personal/opensource/convex-nextjs/lib/utils
2025-09-25T14:28:48.583Z next:jsconfig-paths-plugin skipping request as it is an absolute path /Users/akapat/Projects/personal/opensource/convex-nextjs/lib/utils
2025-09-25T14:28:48.583Z next:jsconfig-paths-plugin skipping request as it is an absolute path /Users/akapat/Projects/personal/opensource/convex-nextjs/lib/utils
2025-09-25T14:28:48.583Z next:jsconfig-paths-plugin skipping request as it is an absolute path /Users/akapat/Projects/personal/opensource/convex-nextjs/lib/utils
2025-09-25T14:28:48.586Z next:jsconfig-paths-plugin skipping request as it is an absolute path /Users/akapat/Projects/personal/opensource/convex-nextjs/lib/utils
2025-09-25T14:28:48.586Z next:jsconfig-paths-plugin skipping request as it is an absolute path /Users/akapat/Projects/personal/opensource/convex-nextjs/lib/utils
2025-09-25T14:28:48.586Z next:jsconfig-paths-plugin skipping request as it is an absolute path /Users/akapat/Projects/personal/opensource/convex-nextjs/lib/utils
2025-09-25T14:28:48.586Z next:jsconfig-paths-plugin skipping request as it is an absolute path /Users/akapat/Projects/personal/opensource/convex-nextjs/lib/utils
2025-09-25T14:28:48.586Z next:jsconfig-paths-plugin skipping request as it is an absolute path /Users/akapat/Projects/personal/opensource/convex-nextjs/lib/utils
2025-09-25T14:28:48.586Z next:jsconfig-paths-plugin skipping request as it is an absolute path /Users/akapat/Projects/personal/opensource/convex-nextjs/lib/utils
2025-09-25T14:28:48.586Z next:jsconfig-paths-plugin skipping request as it is an absolute path /Users/akapat/Projects/personal/opensource/convex-nextjs/lib/utils
2025-09-25T14:28:48.586Z next:jsconfig-paths-plugin skipping request as it is an absolute path /Users/akapat/Projects/personal/opensource/convex-nextjs/lib/utils
2025-09-25T14:28:48.597Z next:jsconfig-paths-plugin skipping request as it is inside node_modules ./client-boundary/controlComponents
2025-09-25T14:28:48.597Z next:jsconfig-paths-plugin skipping request as it is inside node_modules ./client-boundary/controlComponents
2025-09-25T14:28:48.597Z next:jsconfig-paths-plugin skipping request as it is an absolute path /Users/akapat/Projects/personal/opensource/convex-nextjs/lib/utils
2025-09-25T14:28:48.597Z next:jsconfig-paths-plugin skipping request as it is an absolute path /Users/akapat/Projects/personal/opensource/convex-nextjs/lib/utils
2025-09-25T14:28:48.600Z next:jsconfig-paths-plugin skipping request as it is inside node_modules ./client-boundary/ClerkProvider
2025-09-25T14:28:48.600Z next:jsconfig-paths-plugin skipping request as it is an absolute path /Users/akapat/Projects/personal/opensource/convex-nextjs/lib/utils
2025-09-25T14:28:48.600Z next:jsconfig-paths-plugin skipping request as it is an absolute path /Users/akapat/Projects/personal/opensource/convex-nextjs/lib/utils
2025-09-25T14:28:48.601Z next:jsconfig-paths-plugin skipping request as it is inside node_modules ./client-boundary/ClerkProvider
2025-09-25T14:28:48.606Z next:jsconfig-paths-plugin skipping request as it is inside node_modules next/navigation
2025-09-25T14:28:48.606Z next:jsconfig-paths-plugin skipping request as it is inside node_modules ../../utils/removeBasePath
2025-09-25T14:28:48.606Z next:jsconfig-paths-plugin skipping request as it is inside node_modules ../hooks
2025-09-25T14:28:48.606Z next:jsconfig-paths-plugin skipping request as it is inside node_modules ./usePagesRouter
2025-09-25T14:28:48.606Z next:jsconfig-paths-plugin skipping request as it is inside node_modules ./usePagesRouter
2025-09-25T14:28:48.606Z next:jsconfig-paths-plugin skipping request as it is inside node_modules next/navigation
2025-09-25T14:28:48.606Z next:jsconfig-paths-plugin skipping request as it is inside node_modules /Users/akapat/Projects/personal/opensource/convex-nextjs/node_modules/.pnpm/next@15.3.5_@opentelemetry+api@1.9.0_react-dom@19.1.0_react@19.1.0__react@19.1.0/node_modules/next/navigation
2025-09-25T14:28:48.606Z next:jsconfig-paths-plugin skipping request as it is inside node_modules /Users/akapat/Projects/personal/opensource/convex-nextjs/node_modules/.pnpm/next@15.3.5_@opentelemetry+api@1.9.0_react-dom@19.1.0_react@19.1.0__react@19.1.0/node_modules/next/navigation
2025-09-25T14:28:48.606Z next:jsconfig-paths-plugin skipping request as it is inside node_modules ../hooks
2025-09-25T14:28:48.606Z next:jsconfig-paths-plugin skipping request as it is inside node_modules ./usePagesRouter
2025-09-25T14:28:48.606Z next:jsconfig-paths-plugin skipping request as it is inside node_modules ./usePagesRouter
2025-09-25T14:28:48.607Z next:jsconfig-paths-plugin skipping request as it is inside node_modules next/dist/api/navigation
2025-09-25T14:28:48.607Z next:jsconfig-paths-plugin skipping request as it is inside node_modules next/dist/api/navigation
2025-09-25T14:28:48.607Z next:jsconfig-paths-plugin skipping request as it is inside node_modules /Users/akapat/Projects/personal/opensource/convex-nextjs/node_modules/.pnpm/next@15.3.5_@opentelemetry+api@1.9.0_react-dom@19.1.0_react@19.1.0__react@19.1.0/node_modules/next/dist/api/navigation
2025-09-25T14:28:48.607Z next:jsconfig-paths-plugin skipping request as it is inside node_modules /Users/akapat/Projects/personal/opensource/convex-nextjs/node_modules/.pnpm/next@15.3.5_@opentelemetry+api@1.9.0_react-dom@19.1.0_react@19.1.0__react@19.1.0/node_modules/next/dist/api/navigation
2025-09-25T14:28:48.608Z next:jsconfig-paths-plugin skipping request as it is inside node_modules ../../utils/removeBasePath
2025-09-25T14:28:48.609Z next:jsconfig-paths-plugin moduleName did not match any paths pattern react-server-dom-webpack/client.edge
2025-09-25T14:28:48.609Z next:jsconfig-paths-plugin moduleName did not match any paths pattern react-server-dom-webpack/client.edge
2025-09-25T14:28:48.614Z next:jsconfig-paths-plugin skipping request as it is inside node_modules next/dist/api/script
2025-09-25T14:28:48.614Z next:jsconfig-paths-plugin skipping request as it is inside node_modules /Users/akapat/Projects/personal/opensource/convex-nextjs/node_modules/.pnpm/next@15.3.5_@opentelemetry+api@1.9.0_react-dom@19.1.0_react@19.1.0__react@19.1.0/node_modules/next/dist/api/script
2025-09-25T14:28:48.615Z next:jsconfig-paths-plugin skipping request as it is an absolute path /Users/akapat/Projects/personal/opensource/convex-nextjs/components/ui/sidebar
2025-09-25T14:28:48.615Z next:jsconfig-paths-plugin skipping request as it is an absolute path /Users/akapat/Projects/personal/opensource/convex-nextjs/components/ui/sidebar
2025-09-25T14:28:48.615Z next:jsconfig-paths-plugin skipping request as it is an absolute path /Users/akapat/Projects/personal/opensource/convex-nextjs/components/ui/sidebar
2025-09-25T14:28:48.615Z next:jsconfig-paths-plugin skipping request as it is an absolute path /Users/akapat/Projects/personal/opensource/convex-nextjs/components/ui/sidebar
2025-09-25T14:28:48.620Z next:jsconfig-paths-plugin moduleName did not match any paths pattern next/navigation
2025-09-25T14:28:48.620Z next:jsconfig-paths-plugin skipping request as it is an absolute path /Users/akapat/Projects/personal/opensource/convex-nextjs/node_modules/.pnpm/next@15.3.5_@opentelemetry+api@1.9.0_react-dom@19.1.0_react@19.1.0__react@19.1.0/node_modules/next/navigation
2025-09-25T14:28:48.620Z next:jsconfig-paths-plugin skipping request as it is an absolute path /Users/akapat/Projects/personal/opensource/convex-nextjs/components/ui/sidebar
2025-09-25T14:28:48.620Z next:jsconfig-paths-plugin skipping request as it is an absolute path /Users/akapat/Projects/personal/opensource/convex-nextjs/components/ui/sidebar
2025-09-25T14:28:48.621Z next:jsconfig-paths-plugin skipping request as it is inside node_modules next/dist/api/navigation
2025-09-25T14:28:48.621Z next:jsconfig-paths-plugin skipping request as it is inside node_modules /Users/akapat/Projects/personal/opensource/convex-nextjs/node_modules/.pnpm/next@15.3.5_@opentelemetry+api@1.9.0_react-dom@19.1.0_react@19.1.0__react@19.1.0/node_modules/next/dist/api/navigation
2025-09-25T14:28:48.621Z next:jsconfig-paths-plugin skipping request as it is an absolute path /Users/akapat/Projects/personal/opensource/convex-nextjs/components/ui/sidebar
2025-09-25T14:28:48.621Z next:jsconfig-paths-plugin skipping request as it is an absolute path /Users/akapat/Projects/personal/opensource/convex-nextjs/components/ui/sidebar
2025-09-25T14:28:48.622Z next:jsconfig-paths-plugin skipping request as it is an absolute path /Users/akapat/Projects/personal/opensource/convex-nextjs/components/ui/button
2025-09-25T14:28:48.622Z next:jsconfig-paths-plugin skipping request as it is an absolute path /Users/akapat/Projects/personal/opensource/convex-nextjs/components/ui/button
2025-09-25T14:28:48.622Z next:jsconfig-paths-plugin skipping request as it is an absolute path /Users/akapat/Projects/personal/opensource/convex-nextjs/components/ui/button
2025-09-25T14:28:48.622Z next:jsconfig-paths-plugin skipping request as it is an absolute path /Users/akapat/Projects/personal/opensource/convex-nextjs/components/ui/button
2025-09-25T14:28:48.623Z next:jsconfig-paths-plugin moduleName did not match any paths pattern @clerk/themes
2025-09-25T14:28:48.623Z next:jsconfig-paths-plugin moduleName did not match any paths pattern @clerk/themes
2025-09-25T14:28:48.623Z next:jsconfig-paths-plugin moduleName did not match any paths pattern @clerk/themes
2025-09-25T14:28:48.623Z next:jsconfig-paths-plugin moduleName did not match any paths pattern @clerk/themes
2025-09-25T14:28:48.623Z next:jsconfig-paths-plugin moduleName did not match any paths pattern @clerk/themes
2025-09-25T14:28:48.623Z next:jsconfig-paths-plugin moduleName did not match any paths pattern @clerk/themes
2025-09-25T14:28:48.624Z next:jsconfig-paths-plugin skipping request as it is an absolute path /Users/akapat/Projects/personal/opensource/convex-nextjs/components/ui/sidebar
2025-09-25T14:28:48.624Z next:jsconfig-paths-plugin skipping request as it is an absolute path /Users/akapat/Projects/personal/opensource/convex-nextjs/components/ui/sidebar
2025-09-25T14:28:48.624Z next:jsconfig-paths-plugin skipping request as it is an absolute path /Users/akapat/Projects/personal/opensource/convex-nextjs/lib/utils
2025-09-25T14:28:48.625Z next:jsconfig-paths-plugin skipping request as it is an absolute path /Users/akapat/Projects/personal/opensource/convex-nextjs/lib/utils
2025-09-25T14:28:48.625Z next:jsconfig-paths-plugin skipping request as it is an absolute path /Users/akapat/Projects/personal/opensource/convex-nextjs/components/ui/sidebar
2025-09-25T14:28:48.625Z next:jsconfig-paths-plugin skipping request as it is an absolute path /Users/akapat/Projects/personal/opensource/convex-nextjs/components/ui/sidebar
2025-09-25T14:28:48.627Z next:jsconfig-paths-plugin moduleName did not match any paths pattern @clerk/themes
2025-09-25T14:28:48.627Z next:jsconfig-paths-plugin skipping request as it is an absolute path /Users/akapat/Projects/personal/opensource/convex-nextjs/lib/utils
2025-09-25T14:28:48.627Z next:jsconfig-paths-plugin skipping request as it is an absolute path /Users/akapat/Projects/personal/opensource/convex-nextjs/components/ui/sidebar
2025-09-25T14:28:48.627Z next:jsconfig-paths-plugin skipping request as it is an absolute path /Users/akapat/Projects/personal/opensource/convex-nextjs/components/ui/sidebar
2025-09-25T14:28:48.627Z next:jsconfig-paths-plugin skipping request as it is an absolute path /Users/akapat/Projects/personal/opensource/convex-nextjs/lib/utils
2025-09-25T14:28:48.627Z next:jsconfig-paths-plugin skipping request as it is an absolute path /Users/akapat/Projects/personal/opensource/convex-nextjs/components/ui/sidebar
2025-09-25T14:28:48.628Z next:jsconfig-paths-plugin skipping request as it is an absolute path /Users/akapat/Projects/personal/opensource/convex-nextjs/components/ui/sidebar
2025-09-25T14:28:48.628Z next:jsconfig-paths-plugin moduleName did not match any paths pattern @clerk/themes
2025-09-25T14:28:48.628Z next:jsconfig-paths-plugin skipping request as it is an absolute path /Users/akapat/Projects/personal/opensource/convex-nextjs/components/ui/avatar
2025-09-25T14:28:48.628Z next:jsconfig-paths-plugin moduleName did not match any paths pattern @clerk/themes
2025-09-25T14:28:48.629Z next:jsconfig-paths-plugin skipping request as it is an absolute path /Users/akapat/Projects/personal/opensource/convex-nextjs/components/ui/avatar
2025-09-25T14:28:48.629Z next:jsconfig-paths-plugin moduleName did not match any paths pattern @clerk/themes
2025-09-25T14:28:48.629Z next:jsconfig-paths-plugin skipping request as it is an absolute path /Users/akapat/Projects/personal/opensource/convex-nextjs/components/ui/avatar
2025-09-25T14:28:48.629Z next:jsconfig-paths-plugin skipping request as it is an absolute path /Users/akapat/Projects/personal/opensource/convex-nextjs/components/ui/avatar
2025-09-25T14:28:48.646Z next:jsconfig-paths-plugin skipping request as it is an absolute path /Users/akapat/Projects/personal/opensource/convex-nextjs/lib/utils
2025-09-25T14:28:48.646Z next:jsconfig-paths-plugin skipping request as it is an absolute path /Users/akapat/Projects/personal/opensource/convex-nextjs/lib/utils
2025-09-25T14:28:48.646Z next:jsconfig-paths-plugin skipping request as it is an absolute path /Users/akapat/Projects/personal/opensource/convex-nextjs/lib/utils
2025-09-25T14:28:48.646Z next:jsconfig-paths-plugin skipping request as it is an absolute path /Users/akapat/Projects/personal/opensource/convex-nextjs/lib/utils
2025-09-25T14:28:48.650Z next:jsconfig-paths-plugin skipping request as it is an absolute path /Users/akapat/Projects/personal/opensource/convex-nextjs/lib/utils
2025-09-25T14:28:48.650Z next:jsconfig-paths-plugin skipping request as it is an absolute path /Users/akapat/Projects/personal/opensource/convex-nextjs/lib/utils
2025-09-25T14:28:48.650Z next:jsconfig-paths-plugin skipping request as it is an absolute path /Users/akapat/Projects/personal/opensource/convex-nextjs/lib/utils
2025-09-25T14:28:48.650Z next:jsconfig-paths-plugin skipping request as it is an absolute path /Users/akapat/Projects/personal/opensource/convex-nextjs/lib/utils
2025-09-25T14:28:48.655Z next:jsconfig-paths-plugin skipping request as it is inside node_modules ../app-router/client/ClerkProvider
2025-09-25T14:28:48.655Z next:jsconfig-paths-plugin skipping request as it is inside node_modules ../pages/ClerkProvider
2025-09-25T14:28:48.655Z next:jsconfig-paths-plugin skipping request as it is inside node_modules ../client/components/navigation
2025-09-25T14:28:48.655Z next:jsconfig-paths-plugin skipping request as it is inside node_modules ../app-router/client/ClerkProvider
2025-09-25T14:28:48.655Z next:jsconfig-paths-plugin skipping request as it is inside node_modules ../client/components/navigation
2025-09-25T14:28:48.659Z next:jsconfig-paths-plugin skipping request as it is inside node_modules ../pages/ClerkProvider
2025-09-25T14:28:48.664Z next:jsconfig-paths-plugin skipping request as it is an absolute path /Users/akapat/Projects/personal/opensource/convex-nextjs/components/ui/dropdown-menu
2025-09-25T14:28:48.664Z next:jsconfig-paths-plugin skipping request as it is an absolute path /Users/akapat/Projects/personal/opensource/convex-nextjs/components/ui/dropdown-menu
2025-09-25T14:28:48.664Z next:jsconfig-paths-plugin skipping request as it is an absolute path /Users/akapat/Projects/personal/opensource/convex-nextjs/components/mode-toggle
2025-09-25T14:28:48.664Z next:jsconfig-paths-plugin skipping request as it is an absolute path /Users/akapat/Projects/personal/opensource/convex-nextjs/components/mode-toggle
2025-09-25T14:28:48.672Z next:jsconfig-paths-plugin skipping request as it is inside node_modules ../client-boundary/hooks/useSafeLayoutEffect
2025-09-25T14:28:48.672Z next:jsconfig-paths-plugin skipping request as it is inside node_modules ../client-boundary/NextOptionsContext
2025-09-25T14:28:48.672Z next:jsconfig-paths-plugin skipping request as it is inside node_modules ../utils/clerk-js-script
2025-09-25T14:28:48.672Z next:jsconfig-paths-plugin skipping request as it is inside node_modules ../utils/invalidateNextRouterCache
2025-09-25T14:28:48.672Z next:jsconfig-paths-plugin skipping request as it is inside node_modules ../utils/mergeNextClerkPropsWithEnv
2025-09-25T14:28:48.672Z next:jsconfig-paths-plugin skipping request as it is inside node_modules next/router
2025-09-25T14:28:48.672Z next:jsconfig-paths-plugin skipping request as it is inside node_modules /Users/akapat/Projects/personal/opensource/convex-nextjs/node_modules/.pnpm/next@15.3.5_@opentelemetry+api@1.9.0_react-dom@19.1.0_react@19.1.0__react@19.1.0/node_modules/next/router
2025-09-25T14:28:48.672Z next:jsconfig-paths-plugin skipping request as it is inside node_modules ../client-boundary/NextOptionsContext
2025-09-25T14:28:48.672Z next:jsconfig-paths-plugin skipping request as it is inside node_modules ../utils/clerk-js-script
2025-09-25T14:28:48.672Z next:jsconfig-paths-plugin skipping request as it is inside node_modules ../utils/mergeNextClerkPropsWithEnv
2025-09-25T14:28:48.672Z next:jsconfig-paths-plugin skipping request as it is inside node_modules ../client-boundary/hooks/useSafeLayoutEffect
2025-09-25T14:28:48.673Z next:jsconfig-paths-plugin moduleName did not match any paths pattern gsap/ScrollTrigger
2025-09-25T14:28:48.673Z next:jsconfig-paths-plugin skipping request as it is inside node_modules ../utils/invalidateNextRouterCache
2025-09-25T14:28:48.674Z next:jsconfig-paths-plugin skipping request as it is an absolute path /Users/akapat/Projects/personal/opensource/convex-nextjs/lib/utils
2025-09-25T14:28:48.674Z next:jsconfig-paths-plugin skipping request as it is an absolute path /Users/akapat/Projects/personal/opensource/convex-nextjs/lib/utils
2025-09-25T14:28:48.674Z next:jsconfig-paths-plugin skipping request as it is an absolute path /Users/akapat/Projects/personal/opensource/convex-nextjs/lib/utils
2025-09-25T14:28:48.674Z next:jsconfig-paths-plugin skipping request as it is an absolute path /Users/akapat/Projects/personal/opensource/convex-nextjs/lib/utils
2025-09-25T14:28:48.675Z next:jsconfig-paths-plugin skipping request as it is an absolute path /Users/akapat/Projects/personal/opensource/convex-nextjs/lib/utils
2025-09-25T14:28:48.675Z next:jsconfig-paths-plugin skipping request as it is an absolute path /Users/akapat/Projects/personal/opensource/convex-nextjs/lib/utils
2025-09-25T14:28:48.675Z next:jsconfig-paths-plugin skipping request as it is an absolute path /Users/akapat/Projects/personal/opensource/convex-nextjs/lib/utils
2025-09-25T14:28:48.675Z next:jsconfig-paths-plugin skipping request as it is an absolute path /Users/akapat/Projects/personal/opensource/convex-nextjs/lib/utils
2025-09-25T14:28:48.676Z next:jsconfig-paths-plugin skipping request as it is an absolute path /Users/akapat/Projects/personal/opensource/convex-nextjs/components/ui/dropdown-menu
2025-09-25T14:28:48.676Z next:jsconfig-paths-plugin skipping request as it is an absolute path /Users/akapat/Projects/personal/opensource/convex-nextjs/components/ui/dropdown-menu
2025-09-25T14:28:48.676Z next:jsconfig-paths-plugin skipping request as it is an absolute path /Users/akapat/Projects/personal/opensource/convex-nextjs/components/mode-toggle
2025-09-25T14:28:48.676Z next:jsconfig-paths-plugin skipping request as it is an absolute path /Users/akapat/Projects/personal/opensource/convex-nextjs/components/mode-toggle
2025-09-25T14:28:48.679Z next:jsconfig-paths-plugin skipping request as it is inside node_modules ../utils/removeBasePath
2025-09-25T14:28:48.679Z next:jsconfig-paths-plugin skipping request as it is inside node_modules ../utils/router-telemetry
2025-09-25T14:28:48.679Z next:jsconfig-paths-plugin skipping request as it is inside node_modules ../utils/removeBasePath
2025-09-25T14:28:48.679Z next:jsconfig-paths-plugin skipping request as it is inside node_modules ../utils/router-telemetry
2025-09-25T14:28:48.682Z next:jsconfig-paths-plugin moduleName did not match any paths pattern react-server-dom-webpack/client.edge
2025-09-25T14:28:48.682Z next:jsconfig-paths-plugin moduleName did not match any paths pattern react-server-dom-webpack/client.edge
2025-09-25T14:28:48.682Z next:jsconfig-paths-plugin moduleName did not match any paths pattern gsap/ScrollTrigger
2025-09-25T14:28:48.688Z next:jsconfig-paths-plugin moduleName did not match any paths pattern react-server-dom-webpack/client.edge
2025-09-25T14:28:48.688Z next:jsconfig-paths-plugin moduleName did not match any paths pattern react-server-dom-webpack/client.edge
2025-09-25T14:28:48.691Z next:jsconfig-paths-plugin skipping request as it is inside node_modules next/dist/api/router
2025-09-25T14:28:48.691Z next:jsconfig-paths-plugin skipping request as it is inside node_modules /Users/akapat/Projects/personal/opensource/convex-nextjs/node_modules/.pnpm/next@15.3.5_@opentelemetry+api@1.9.0_react-dom@19.1.0_react@19.1.0__react@19.1.0/node_modules/next/dist/api/router
2025-09-25T14:28:48.695Z next:jsconfig-paths-plugin skipping request as it is an absolute path /Users/akapat/Projects/personal/opensource/convex-nextjs/lib/utils
2025-09-25T14:28:48.695Z next:jsconfig-paths-plugin skipping request as it is an absolute path /Users/akapat/Projects/personal/opensource/convex-nextjs/lib/utils
2025-09-25T14:28:48.696Z next:jsconfig-paths-plugin skipping request as it is an absolute path /Users/akapat/Projects/personal/opensource/convex-nextjs/lib/utils
2025-09-25T14:28:48.696Z next:jsconfig-paths-plugin skipping request as it is an absolute path /Users/akapat/Projects/personal/opensource/convex-nextjs/lib/utils
2025-09-25T14:28:48.732Z next:jsconfig-paths-plugin skipping request as it is inside node_modules ../shared/lib/app-dynamic
2025-09-25T14:28:48.732Z next:jsconfig-paths-plugin skipping request as it is inside node_modules ../shared/lib/app-dynamic
2025-09-25T14:28:48.742Z next:jsconfig-paths-plugin skipping request as it is an absolute path /Users/akapat/Projects/personal/opensource/convex-nextjs/components/ui/switch
2025-09-25T14:28:48.743Z next:jsconfig-paths-plugin skipping request as it is an absolute path /Users/akapat/Projects/personal/opensource/convex-nextjs/components/ui/switch
2025-09-25T14:28:48.772Z next:jsconfig-paths-plugin skipping request as it is an absolute path /Users/akapat/Projects/personal/opensource/convex-nextjs/components/ui/switch
2025-09-25T14:28:48.772Z next:jsconfig-paths-plugin skipping request as it is an absolute path /Users/akapat/Projects/personal/opensource/convex-nextjs/components/ui/switch
2025-09-25T14:28:48.776Z next:jsconfig-paths-plugin skipping request as it is inside node_modules ../client/script
2025-09-25T14:28:48.776Z next:jsconfig-paths-plugin skipping request as it is inside node_modules ../client/script
2025-09-25T14:28:48.826Z next:jsconfig-paths-plugin skipping request as it is an absolute path /Users/akapat/Projects/personal/opensource/convex-nextjs/lib/utils
2025-09-25T14:28:48.826Z next:jsconfig-paths-plugin skipping request as it is an absolute path /Users/akapat/Projects/personal/opensource/convex-nextjs/lib/utils
2025-09-25T14:28:48.827Z next:jsconfig-paths-plugin skipping request as it is an absolute path /Users/akapat/Projects/personal/opensource/convex-nextjs/lib/utils
2025-09-25T14:28:48.827Z next:jsconfig-paths-plugin skipping request as it is an absolute path /Users/akapat/Projects/personal/opensource/convex-nextjs/lib/utils
2025-09-25T14:28:48.828Z next:jsconfig-paths-plugin skipping request as it is inside node_modules ../client/router
2025-09-25T14:28:48.828Z next:jsconfig-paths-plugin skipping request as it is inside node_modules ../client/router
2025-09-25T14:28:48.830Z next:jsconfig-paths-plugin skipping request as it is inside node_modules ./Combination
2025-09-25T14:28:48.831Z next:jsconfig-paths-plugin skipping request as it is inside node_modules ./Combination
2025-09-25T14:28:48.849Z next:jsconfig-paths-plugin skipping request as it is inside node_modules ./UI
2025-09-25T14:28:48.849Z next:jsconfig-paths-plugin skipping request as it is inside node_modules ./UI
2025-09-25T14:28:48.849Z next:jsconfig-paths-plugin skipping request as it is inside node_modules ./sidecar
2025-09-25T14:28:48.849Z next:jsconfig-paths-plugin skipping request as it is inside node_modules ./sidecar
2025-09-25T14:28:48.859Z next:jsconfig-paths-plugin skipping request as it is inside node_modules react-remove-scroll-bar/constants
2025-09-25T14:28:48.859Z next:jsconfig-paths-plugin skipping request as it is inside node_modules ./medium
2025-09-25T14:28:48.859Z next:jsconfig-paths-plugin skipping request as it is inside node_modules ./medium
2025-09-25T14:28:48.859Z next:jsconfig-paths-plugin skipping request as it is inside node_modules ./medium
2025-09-25T14:28:48.859Z next:jsconfig-paths-plugin skipping request as it is inside node_modules ./medium
2025-09-25T14:28:48.859Z next:jsconfig-paths-plugin skipping request as it is inside node_modules ./SideEffect
2025-09-25T14:28:48.859Z next:jsconfig-paths-plugin skipping request as it is inside node_modules ./SideEffect
2025-09-25T14:28:48.864Z next:jsconfig-paths-plugin skipping request as it is inside node_modules ./handleScroll
2025-09-25T14:28:48.864Z next:jsconfig-paths-plugin skipping request as it is inside node_modules ./handleScroll
2025-09-25T14:28:48.864Z next:jsconfig-paths-plugin skipping request as it is inside node_modules ./aggresiveCapture
2025-09-25T14:28:48.864Z next:jsconfig-paths-plugin skipping request as it is inside node_modules ./aggresiveCapture
2025-09-25T14:28:48.865Z next:jsconfig-paths-plugin skipping request as it is inside node_modules react-remove-scroll-bar/constants
2025-09-25T14:28:48.866Z next:jsconfig-paths-plugin skipping request as it is inside node_modules ./component
2025-09-25T14:28:48.866Z next:jsconfig-paths-plugin skipping request as it is inside node_modules ./constants
2025-09-25T14:28:48.866Z next:jsconfig-paths-plugin skipping request as it is inside node_modules ./utils
2025-09-25T14:28:48.866Z next:jsconfig-paths-plugin skipping request as it is inside node_modules ./component
2025-09-25T14:28:48.866Z next:jsconfig-paths-plugin skipping request as it is inside node_modules ./constants
2025-09-25T14:28:48.866Z next:jsconfig-paths-plugin skipping request as it is inside node_modules ./utils
2025-09-25T14:28:48.866Z next:jsconfig-paths-plugin skipping request as it is inside node_modules ./assignRef
2025-09-25T14:28:48.866Z next:jsconfig-paths-plugin skipping request as it is inside node_modules ./useRef
2025-09-25T14:28:48.866Z next:jsconfig-paths-plugin skipping request as it is inside node_modules ./createRef
2025-09-25T14:28:48.866Z next:jsconfig-paths-plugin skipping request as it is inside node_modules ./mergeRef
2025-09-25T14:28:48.866Z next:jsconfig-paths-plugin skipping request as it is inside node_modules ./useMergeRef
2025-09-25T14:28:48.866Z next:jsconfig-paths-plugin skipping request as it is inside node_modules ./useTransformRef
2025-09-25T14:28:48.866Z next:jsconfig-paths-plugin skipping request as it is inside node_modules ./transformRef
2025-09-25T14:28:48.866Z next:jsconfig-paths-plugin skipping request as it is inside node_modules ./refToCallback
2025-09-25T14:28:48.866Z next:jsconfig-paths-plugin skipping request as it is inside node_modules ./assignRef
2025-09-25T14:28:48.866Z next:jsconfig-paths-plugin skipping request as it is inside node_modules ./useRef
2025-09-25T14:28:48.866Z next:jsconfig-paths-plugin skipping request as it is inside node_modules ./createRef
2025-09-25T14:28:48.866Z next:jsconfig-paths-plugin skipping request as it is inside node_modules ./mergeRef
2025-09-25T14:28:48.866Z next:jsconfig-paths-plugin skipping request as it is inside node_modules ./useMergeRef
2025-09-25T14:28:48.866Z next:jsconfig-paths-plugin skipping request as it is inside node_modules ./useTransformRef
2025-09-25T14:28:48.866Z next:jsconfig-paths-plugin skipping request as it is inside node_modules ./transformRef
2025-09-25T14:28:48.866Z next:jsconfig-paths-plugin skipping request as it is inside node_modules ./refToCallback
2025-09-25T14:28:48.867Z next:jsconfig-paths-plugin skipping request as it is inside node_modules ./hoc
2025-09-25T14:28:48.867Z next:jsconfig-paths-plugin skipping request as it is inside node_modules ./hook
2025-09-25T14:28:48.867Z next:jsconfig-paths-plugin skipping request as it is inside node_modules ./config
2025-09-25T14:28:48.867Z next:jsconfig-paths-plugin skipping request as it is inside node_modules ./medium
2025-09-25T14:28:48.867Z next:jsconfig-paths-plugin skipping request as it is inside node_modules ./exports
2025-09-25T14:28:48.867Z next:jsconfig-paths-plugin skipping request as it is inside node_modules ./renderProp
2025-09-25T14:28:48.867Z next:jsconfig-paths-plugin skipping request as it is inside node_modules ./hoc
2025-09-25T14:28:48.867Z next:jsconfig-paths-plugin skipping request as it is inside node_modules ./hook
2025-09-25T14:28:48.867Z next:jsconfig-paths-plugin skipping request as it is inside node_modules ./config
2025-09-25T14:28:48.867Z next:jsconfig-paths-plugin skipping request as it is inside node_modules ./medium
2025-09-25T14:28:48.867Z next:jsconfig-paths-plugin skipping request as it is inside node_modules ./exports
2025-09-25T14:28:48.867Z next:jsconfig-paths-plugin skipping request as it is inside node_modules ./renderProp
2025-09-25T14:28:48.870Z next:jsconfig-paths-plugin skipping request as it is inside node_modules ./constants
2025-09-25T14:28:48.870Z next:jsconfig-paths-plugin skipping request as it is inside node_modules ./utils
2025-09-25T14:28:48.870Z next:jsconfig-paths-plugin skipping request as it is inside node_modules ./assignRef
2025-09-25T14:28:48.870Z next:jsconfig-paths-plugin skipping request as it is inside node_modules ./createRef
2025-09-25T14:28:48.870Z next:jsconfig-paths-plugin skipping request as it is inside node_modules ./assignRef
2025-09-25T14:28:48.870Z next:jsconfig-paths-plugin skipping request as it is inside node_modules ./useRef
2025-09-25T14:28:48.870Z next:jsconfig-paths-plugin skipping request as it is inside node_modules ./assignRef
2025-09-25T14:28:48.870Z next:jsconfig-paths-plugin skipping request as it is inside node_modules ./createRef
2025-09-25T14:28:48.870Z next:jsconfig-paths-plugin skipping request as it is inside node_modules ./assignRef
2025-09-25T14:28:48.870Z next:jsconfig-paths-plugin skipping request as it is inside node_modules ./useRef
2025-09-25T14:28:48.870Z next:jsconfig-paths-plugin skipping request as it is inside node_modules ./constants
2025-09-25T14:28:48.870Z next:jsconfig-paths-plugin skipping request as it is inside node_modules ./utils
2025-09-25T14:28:48.870Z next:jsconfig-paths-plugin skipping request as it is inside node_modules ./assignRef
2025-09-25T14:28:48.870Z next:jsconfig-paths-plugin skipping request as it is inside node_modules ./createRef
2025-09-25T14:28:48.870Z next:jsconfig-paths-plugin skipping request as it is inside node_modules ./assignRef
2025-09-25T14:28:48.870Z next:jsconfig-paths-plugin skipping request as it is inside node_modules ./useRef
2025-09-25T14:28:48.870Z next:jsconfig-paths-plugin skipping request as it is inside node_modules ./assignRef
2025-09-25T14:28:48.870Z next:jsconfig-paths-plugin skipping request as it is inside node_modules ./createRef
2025-09-25T14:28:48.870Z next:jsconfig-paths-plugin skipping request as it is inside node_modules ./assignRef
2025-09-25T14:28:48.870Z next:jsconfig-paths-plugin skipping request as it is inside node_modules ./useRef
2025-09-25T14:28:48.871Z next:jsconfig-paths-plugin skipping request as it is inside node_modules ./hook
2025-09-25T14:28:48.871Z next:jsconfig-paths-plugin skipping request as it is inside node_modules ./hook
2025-09-25T14:28:48.873Z next:jsconfig-paths-plugin skipping request as it is inside node_modules ./component
2025-09-25T14:28:48.873Z next:jsconfig-paths-plugin skipping request as it is inside node_modules ./singleton
2025-09-25T14:28:48.873Z next:jsconfig-paths-plugin skipping request as it is inside node_modules ./hook
2025-09-25T14:28:48.873Z next:jsconfig-paths-plugin skipping request as it is inside node_modules ./component
2025-09-25T14:28:48.873Z next:jsconfig-paths-plugin skipping request as it is inside node_modules ./singleton
2025-09-25T14:28:48.873Z next:jsconfig-paths-plugin skipping request as it is inside node_modules ./hook
2025-09-25T14:28:48.873Z next:jsconfig-paths-plugin skipping request as it is inside node_modules ./env
2025-09-25T14:28:48.873Z next:jsconfig-paths-plugin skipping request as it is inside node_modules ./env
2025-09-25T14:28:48.875Z next:jsconfig-paths-plugin skipping request as it is inside node_modules ./hook
2025-09-25T14:28:48.875Z next:jsconfig-paths-plugin skipping request as it is inside node_modules ./singleton
2025-09-25T14:28:48.875Z next:jsconfig-paths-plugin skipping request as it is inside node_modules ./hook
2025-09-25T14:28:48.875Z next:jsconfig-paths-plugin skipping request as it is inside node_modules ./singleton
2025-09-25T14:28:48.882Z next:jsconfig-paths-plugin moduleName did not match any paths pattern next-flight-action-entry-loader
2025-09-25T14:28:48.882Z next:jsconfig-paths-plugin moduleName did not match any paths pattern next-flight-action-entry-loader
2025-09-25T14:28:48.882Z next:jsconfig-paths-plugin moduleName did not match any paths pattern next-flight-action-entry-loader
2025-09-25T14:28:48.882Z next:jsconfig-paths-plugin moduleName did not match any paths pattern next-flight-action-entry-loader
2025-09-25T14:28:48.882Z next:jsconfig-paths-plugin moduleName did not match any paths pattern next-flight-action-entry-loader
2025-09-25T14:28:48.882Z next:jsconfig-paths-plugin moduleName did not match any paths pattern next-flight-action-entry-loader
2025-09-25T14:28:48.883Z next:jsconfig-paths-plugin moduleName did not match any paths pattern next-flight-action-entry-loader
2025-09-25T14:28:48.883Z next:jsconfig-paths-plugin moduleName did not match any paths pattern next-flight-action-entry-loader
2025-09-25T14:28:48.883Z next:jsconfig-paths-plugin moduleName did not match any paths pattern next-flight-action-entry-loader
2025-09-25T14:28:48.883Z next:jsconfig-paths-plugin moduleName did not match any paths pattern next-flight-action-entry-loader
2025-09-25T14:28:48.883Z next:jsconfig-paths-plugin moduleName did not match any paths pattern next-flight-action-entry-loader
2025-09-25T14:28:48.883Z next:jsconfig-paths-plugin moduleName did not match any paths pattern next-flight-action-entry-loader
2025-09-25T14:28:48.883Z next:jsconfig-paths-plugin moduleName did not match any paths pattern next-flight-action-entry-loader
2025-09-25T14:28:48.883Z next:jsconfig-paths-plugin moduleName did not match any paths pattern next-flight-action-entry-loader
2025-09-25T14:28:48.883Z next:jsconfig-paths-plugin moduleName did not match any paths pattern next-flight-action-entry-loader
2025-09-25T14:28:48.883Z next:jsconfig-paths-plugin moduleName did not match any paths pattern next-flight-action-entry-loader
2025-09-25T14:28:48.883Z next:jsconfig-paths-plugin moduleName did not match any paths pattern next-flight-action-entry-loader
2025-09-25T14:28:48.883Z next:jsconfig-paths-plugin moduleName did not match any paths pattern next-flight-action-entry-loader
2025-09-25T14:28:48.883Z next:jsconfig-paths-plugin moduleName did not match any paths pattern next-flight-action-entry-loader
2025-09-25T14:28:48.883Z next:jsconfig-paths-plugin moduleName did not match any paths pattern next-flight-action-entry-loader
2025-09-25T14:28:48.883Z next:jsconfig-paths-plugin moduleName did not match any paths pattern next-flight-action-entry-loader
2025-09-25T14:28:48.883Z next:jsconfig-paths-plugin moduleName did not match any paths pattern next-flight-action-entry-loader
2025-09-25T14:28:48.884Z next:jsconfig-paths-plugin moduleName did not match any paths pattern next-flight-action-entry-loader
2025-09-25T14:28:48.884Z next:jsconfig-paths-plugin moduleName did not match any paths pattern next-flight-action-entry-loader
2025-09-25T14:28:48.884Z next:jsconfig-paths-plugin skipping request as it is inside node_modules private-next-rsc-action-encryption
2025-09-25T14:28:48.884Z next:jsconfig-paths-plugin skipping request as it is inside node_modules private-next-rsc-action-encryption
2025-09-25T14:28:48.885Z next:jsconfig-paths-plugin moduleName did not match any paths pattern private-next-rsc-action-encryption
2025-09-25T14:28:48.885Z next:jsconfig-paths-plugin skipping request as it is inside node_modules next/headers
2025-09-25T14:28:48.885Z next:jsconfig-paths-plugin skipping request as it is inside node_modules /Users/akapat/Projects/personal/opensource/convex-nextjs/node_modules/.pnpm/next@15.3.5_@opentelemetry+api@1.9.0_react-dom@19.1.0_react@19.1.0__react@19.1.0/node_modules/next/headers
2025-09-25T14:28:48.885Z next:jsconfig-paths-plugin skipping request as it is inside node_modules next/dist/api/headers
2025-09-25T14:28:48.885Z next:jsconfig-paths-plugin skipping request as it is inside node_modules /Users/akapat/Projects/personal/opensource/convex-nextjs/node_modules/.pnpm/next@15.3.5_@opentelemetry+api@1.9.0_react-dom@19.1.0_react@19.1.0__react@19.1.0/node_modules/next/dist/api/headers
2025-09-25T14:28:48.885Z next:jsconfig-paths-plugin moduleName did not match any paths pattern private-next-rsc-action-encryption
2025-09-25T14:28:48.886Z next:jsconfig-paths-plugin skipping request as it is inside node_modules ../server/request/cookies
2025-09-25T14:28:48.886Z next:jsconfig-paths-plugin skipping request as it is inside node_modules ../server/request/headers
2025-09-25T14:28:48.886Z next:jsconfig-paths-plugin skipping request as it is inside node_modules ../server/request/draft-mode
2025-09-25T14:28:48.886Z next:jsconfig-paths-plugin skipping request as it is inside node_modules ../server/request/cookies
2025-09-25T14:28:48.886Z next:jsconfig-paths-plugin skipping request as it is inside node_modules ../server/request/headers
2025-09-25T14:28:48.886Z next:jsconfig-paths-plugin skipping request as it is inside node_modules ../server/request/draft-mode
2025-09-25T14:28:48.887Z next:jsconfig-paths-plugin moduleName did not match any paths pattern react-server-dom-webpack/server.edge
2025-09-25T14:28:48.887Z next:jsconfig-paths-plugin moduleName did not match any paths pattern react-server-dom-webpack/server.edge
2025-09-25T14:28:48.887Z next:jsconfig-paths-plugin moduleName did not match any paths pattern react-server-dom-webpack/client.edge
2025-09-25T14:28:48.887Z next:jsconfig-paths-plugin moduleName did not match any paths pattern react-server-dom-webpack/server.edge
2025-09-25T14:28:48.887Z next:jsconfig-paths-plugin moduleName did not match any paths pattern react-server-dom-webpack/server.edge
2025-09-25T14:28:48.887Z next:jsconfig-paths-plugin moduleName did not match any paths pattern react-server-dom-webpack/client.edge
2025-09-25T14:28:48.893Z next:jsconfig-paths-plugin moduleName did not match any paths pattern @opentelemetry/api
2025-09-25T14:28:48.893Z next:jsconfig-paths-plugin moduleName did not match any paths pattern @opentelemetry/api
2025-09-25T14:28:48.894Z next:jsconfig-paths-plugin skipping request as it is inside node_modules ./baggage/utils
2025-09-25T14:28:48.894Z next:jsconfig-paths-plugin skipping request as it is inside node_modules ./context/context
2025-09-25T14:28:48.894Z next:jsconfig-paths-plugin skipping request as it is inside node_modules ./diag/consoleLogger
2025-09-25T14:28:48.894Z next:jsconfig-paths-plugin skipping request as it is inside node_modules ./diag/types
2025-09-25T14:28:48.894Z next:jsconfig-paths-plugin skipping request as it is inside node_modules ./metrics/NoopMeter
2025-09-25T14:28:48.894Z next:jsconfig-paths-plugin skipping request as it is inside node_modules ./metrics/Metric
2025-09-25T14:28:48.894Z next:jsconfig-paths-plugin skipping request as it is inside node_modules ./propagation/TextMapPropagator
2025-09-25T14:28:48.894Z next:jsconfig-paths-plugin skipping request as it is inside node_modules ./trace/ProxyTracer
2025-09-25T14:28:48.894Z next:jsconfig-paths-plugin skipping request as it is inside node_modules ./trace/ProxyTracerProvider
2025-09-25T14:28:48.894Z next:jsconfig-paths-plugin skipping request as it is inside node_modules ./trace/SamplingResult
2025-09-25T14:28:48.894Z next:jsconfig-paths-plugin skipping request as it is inside node_modules ./trace/span_kind
2025-09-25T14:28:48.894Z next:jsconfig-paths-plugin skipping request as it is inside node_modules ./trace/status
2025-09-25T14:28:48.894Z next:jsconfig-paths-plugin skipping request as it is inside node_modules ./trace/trace_flags
2025-09-25T14:28:48.894Z next:jsconfig-paths-plugin skipping request as it is inside node_modules ./trace/internal/utils
2025-09-25T14:28:48.894Z next:jsconfig-paths-plugin skipping request as it is inside node_modules ./trace/spancontext-utils
2025-09-25T14:28:48.894Z next:jsconfig-paths-plugin skipping request as it is inside node_modules ./trace/invalid-span-constants
2025-09-25T14:28:48.894Z next:jsconfig-paths-plugin skipping request as it is inside node_modules ./context-api
2025-09-25T14:28:48.894Z next:jsconfig-paths-plugin skipping request as it is inside node_modules ./diag-api
2025-09-25T14:28:48.894Z next:jsconfig-paths-plugin skipping request as it is inside node_modules ./metrics-api
2025-09-25T14:28:48.894Z next:jsconfig-paths-plugin skipping request as it is inside node_modules ./propagation-api
2025-09-25T14:28:48.894Z next:jsconfig-paths-plugin skipping request as it is inside node_modules ./trace-api
2025-09-25T14:28:48.894Z next:jsconfig-paths-plugin skipping request as it is inside node_modules ./context-api
2025-09-25T14:28:48.894Z next:jsconfig-paths-plugin skipping request as it is inside node_modules ./diag-api
2025-09-25T14:28:48.894Z next:jsconfig-paths-plugin skipping request as it is inside node_modules ./metrics-api
2025-09-25T14:28:48.894Z next:jsconfig-paths-plugin skipping request as it is inside node_modules ./propagation-api
2025-09-25T14:28:48.894Z next:jsconfig-paths-plugin skipping request as it is inside node_modules ./trace-api
2025-09-25T14:28:48.894Z next:jsconfig-paths-plugin skipping request as it is inside node_modules ./baggage/utils
2025-09-25T14:28:48.894Z next:jsconfig-paths-plugin skipping request as it is inside node_modules ./context/context
2025-09-25T14:28:48.894Z next:jsconfig-paths-plugin skipping request as it is inside node_modules ./diag/consoleLogger
2025-09-25T14:28:48.894Z next:jsconfig-paths-plugin skipping request as it is inside node_modules ./diag/types
2025-09-25T14:28:48.894Z next:jsconfig-paths-plugin skipping request as it is inside node_modules ./metrics/NoopMeter
2025-09-25T14:28:48.895Z next:jsconfig-paths-plugin skipping request as it is inside node_modules ./metrics/Metric
2025-09-25T14:28:48.895Z next:jsconfig-paths-plugin skipping request as it is inside node_modules ./propagation/TextMapPropagator
2025-09-25T14:28:48.895Z next:jsconfig-paths-plugin skipping request as it is inside node_modules ./trace/ProxyTracer
2025-09-25T14:28:48.895Z next:jsconfig-paths-plugin skipping request as it is inside node_modules ./trace/ProxyTracerProvider
2025-09-25T14:28:48.895Z next:jsconfig-paths-plugin skipping request as it is inside node_modules ./trace/SamplingResult
2025-09-25T14:28:48.895Z next:jsconfig-paths-plugin skipping request as it is inside node_modules ./trace/span_kind
2025-09-25T14:28:48.895Z next:jsconfig-paths-plugin skipping request as it is inside node_modules ./trace/status
2025-09-25T14:28:48.895Z next:jsconfig-paths-plugin skipping request as it is inside node_modules ./trace/trace_flags
2025-09-25T14:28:48.895Z next:jsconfig-paths-plugin skipping request as it is inside node_modules ./trace/spancontext-utils
2025-09-25T14:28:48.895Z next:jsconfig-paths-plugin skipping request as it is inside node_modules ./trace/invalid-span-constants
2025-09-25T14:28:48.895Z next:jsconfig-paths-plugin skipping request as it is inside node_modules ./trace/internal/utils
2025-09-25T14:28:48.897Z next:jsconfig-paths-plugin skipping request as it is inside node_modules ./api/context
2025-09-25T14:28:48.897Z next:jsconfig-paths-plugin skipping request as it is inside node_modules ./api/diag
2025-09-25T14:28:48.897Z next:jsconfig-paths-plugin skipping request as it is inside node_modules ./api/metrics
2025-09-25T14:28:48.898Z next:jsconfig-paths-plugin skipping request as it is inside node_modules ./api/propagation
2025-09-25T14:28:48.898Z next:jsconfig-paths-plugin skipping request as it is inside node_modules ./api/trace
2025-09-25T14:28:48.898Z next:jsconfig-paths-plugin skipping request as it is inside node_modules ../api/diag
2025-09-25T14:28:48.898Z next:jsconfig-paths-plugin skipping request as it is inside node_modules ./internal/baggage-impl
2025-09-25T14:28:48.898Z next:jsconfig-paths-plugin skipping request as it is inside node_modules ./internal/symbol
2025-09-25T14:28:48.898Z next:jsconfig-paths-plugin skipping request as it is inside node_modules ./NoopTracer
2025-09-25T14:28:48.898Z next:jsconfig-paths-plugin skipping request as it is inside node_modules ./ProxyTracer
2025-09-25T14:28:48.898Z next:jsconfig-paths-plugin skipping request as it is inside node_modules ./NoopTracerProvider
2025-09-25T14:28:48.898Z next:jsconfig-paths-plugin skipping request as it is inside node_modules ./invalid-span-constants
2025-09-25T14:28:48.898Z next:jsconfig-paths-plugin skipping request as it is inside node_modules ./NonRecordingSpan
2025-09-25T14:28:48.898Z next:jsconfig-paths-plugin skipping request as it is inside node_modules ./trace_flags
2025-09-25T14:28:48.898Z next:jsconfig-paths-plugin skipping request as it is inside node_modules ./tracestate-impl
2025-09-25T14:28:48.898Z next:jsconfig-paths-plugin skipping request as it is inside node_modules ./api/context
2025-09-25T14:28:48.898Z next:jsconfig-paths-plugin skipping request as it is inside node_modules ./api/diag
2025-09-25T14:28:48.898Z next:jsconfig-paths-plugin skipping request as it is inside node_modules ./api/metrics
2025-09-25T14:28:48.898Z next:jsconfig-paths-plugin skipping request as it is inside node_modules ./api/propagation
2025-09-25T14:28:48.898Z next:jsconfig-paths-plugin skipping request as it is inside node_modules ./api/trace
2025-09-25T14:28:48.898Z next:jsconfig-paths-plugin skipping request as it is inside node_modules ../api/diag
2025-09-25T14:28:48.898Z next:jsconfig-paths-plugin skipping request as it is inside node_modules ./NoopTracer
2025-09-25T14:28:48.898Z next:jsconfig-paths-plugin skipping request as it is inside node_modules ./ProxyTracer
2025-09-25T14:28:48.898Z next:jsconfig-paths-plugin skipping request as it is inside node_modules ./NoopTracerProvider
2025-09-25T14:28:48.898Z next:jsconfig-paths-plugin skipping request as it is inside node_modules ./invalid-span-constants
2025-09-25T14:28:48.898Z next:jsconfig-paths-plugin skipping request as it is inside node_modules ./NonRecordingSpan
2025-09-25T14:28:48.898Z next:jsconfig-paths-plugin skipping request as it is inside node_modules ./trace_flags
2025-09-25T14:28:48.898Z next:jsconfig-paths-plugin skipping request as it is inside node_modules ./internal/baggage-impl
2025-09-25T14:28:48.898Z next:jsconfig-paths-plugin skipping request as it is inside node_modules ./internal/symbol
2025-09-25T14:28:48.898Z next:jsconfig-paths-plugin skipping request as it is inside node_modules ./tracestate-impl
2025-09-25T14:28:48.900Z next:jsconfig-paths-plugin skipping request as it is inside node_modules ../context/NoopContextManager
2025-09-25T14:28:48.900Z next:jsconfig-paths-plugin skipping request as it is inside node_modules ../internal/global-utils
2025-09-25T14:28:48.900Z next:jsconfig-paths-plugin skipping request as it is inside node_modules ./diag
2025-09-25T14:28:48.900Z next:jsconfig-paths-plugin skipping request as it is inside node_modules ../diag/ComponentLogger
2025-09-25T14:28:48.900Z next:jsconfig-paths-plugin skipping request as it is inside node_modules ../diag/internal/logLevelLogger
2025-09-25T14:28:48.900Z next:jsconfig-paths-plugin skipping request as it is inside node_modules ../diag/types
2025-09-25T14:28:48.900Z next:jsconfig-paths-plugin skipping request as it is inside node_modules ../internal/global-utils
2025-09-25T14:28:48.900Z next:jsconfig-paths-plugin skipping request as it is inside node_modules ../metrics/NoopMeterProvider
2025-09-25T14:28:48.900Z next:jsconfig-paths-plugin skipping request as it is inside node_modules ../internal/global-utils
2025-09-25T14:28:48.900Z next:jsconfig-paths-plugin skipping request as it is inside node_modules ./diag
2025-09-25T14:28:48.900Z next:jsconfig-paths-plugin skipping request as it is inside node_modules ../internal/global-utils
2025-09-25T14:28:48.900Z next:jsconfig-paths-plugin skipping request as it is inside node_modules ../propagation/NoopTextMapPropagator
2025-09-25T14:28:48.900Z next:jsconfig-paths-plugin skipping request as it is inside node_modules ../propagation/TextMapPropagator
2025-09-25T14:28:48.900Z next:jsconfig-paths-plugin skipping request as it is inside node_modules ../baggage/context-helpers
2025-09-25T14:28:48.900Z next:jsconfig-paths-plugin skipping request as it is inside node_modules ../baggage/utils
2025-09-25T14:28:48.900Z next:jsconfig-paths-plugin skipping request as it is inside node_modules ./diag
2025-09-25T14:28:48.900Z next:jsconfig-paths-plugin skipping request as it is inside node_modules ../internal/global-utils
2025-09-25T14:28:48.900Z next:jsconfig-paths-plugin skipping request as it is inside node_modules ../trace/ProxyTracerProvider
2025-09-25T14:28:48.900Z next:jsconfig-paths-plugin skipping request as it is inside node_modules ../trace/spancontext-utils
2025-09-25T14:28:48.900Z next:jsconfig-paths-plugin skipping request as it is inside node_modules ../trace/context-utils
2025-09-25T14:28:48.900Z next:jsconfig-paths-plugin skipping request as it is inside node_modules ./diag
2025-09-25T14:28:48.900Z next:jsconfig-paths-plugin skipping request as it is inside node_modules ../api/context
2025-09-25T14:28:48.900Z next:jsconfig-paths-plugin skipping request as it is inside node_modules ../trace/context-utils
2025-09-25T14:28:48.900Z next:jsconfig-paths-plugin skipping request as it is inside node_modules ./NonRecordingSpan
2025-09-25T14:28:48.900Z next:jsconfig-paths-plugin skipping request as it is inside node_modules ./spancontext-utils
2025-09-25T14:28:48.900Z next:jsconfig-paths-plugin skipping request as it is inside node_modules ./NoopTracer
2025-09-25T14:28:48.900Z next:jsconfig-paths-plugin skipping request as it is inside node_modules ./invalid-span-constants
2025-09-25T14:28:48.900Z next:jsconfig-paths-plugin skipping request as it is inside node_modules ./tracestate-validators
2025-09-25T14:28:48.901Z next:jsconfig-paths-plugin skipping request as it is inside node_modules ../context/NoopContextManager
2025-09-25T14:28:48.901Z next:jsconfig-paths-plugin skipping request as it is inside node_modules ../internal/global-utils
2025-09-25T14:28:48.901Z next:jsconfig-paths-plugin skipping request as it is inside node_modules ./diag
2025-09-25T14:28:48.901Z next:jsconfig-paths-plugin skipping request as it is inside node_modules ../diag/ComponentLogger
2025-09-25T14:28:48.901Z next:jsconfig-paths-plugin skipping request as it is inside node_modules ../diag/types
2025-09-25T14:28:48.901Z next:jsconfig-paths-plugin skipping request as it is inside node_modules ../internal/global-utils
2025-09-25T14:28:48.901Z next:jsconfig-paths-plugin skipping request as it is inside node_modules ../metrics/NoopMeterProvider
2025-09-25T14:28:48.901Z next:jsconfig-paths-plugin skipping request as it is inside node_modules ../internal/global-utils
2025-09-25T14:28:48.901Z next:jsconfig-paths-plugin skipping request as it is inside node_modules ./diag
2025-09-25T14:28:48.901Z next:jsconfig-paths-plugin skipping request as it is inside node_modules ../internal/global-utils
2025-09-25T14:28:48.901Z next:jsconfig-paths-plugin skipping request as it is inside node_modules ../propagation/NoopTextMapPropagator
2025-09-25T14:28:48.901Z next:jsconfig-paths-plugin skipping request as it is inside node_modules ../propagation/TextMapPropagator
2025-09-25T14:28:48.901Z next:jsconfig-paths-plugin skipping request as it is inside node_modules ../baggage/context-helpers
2025-09-25T14:28:48.901Z next:jsconfig-paths-plugin skipping request as it is inside node_modules ../baggage/utils
2025-09-25T14:28:48.901Z next:jsconfig-paths-plugin skipping request as it is inside node_modules ./diag
2025-09-25T14:28:48.901Z next:jsconfig-paths-plugin skipping request as it is inside node_modules ../internal/global-utils
2025-09-25T14:28:48.901Z next:jsconfig-paths-plugin skipping request as it is inside node_modules ../trace/ProxyTracerProvider
2025-09-25T14:28:48.901Z next:jsconfig-paths-plugin skipping request as it is inside node_modules ../trace/spancontext-utils
2025-09-25T14:28:48.901Z next:jsconfig-paths-plugin skipping request as it is inside node_modules ../trace/context-utils
2025-09-25T14:28:48.901Z next:jsconfig-paths-plugin skipping request as it is inside node_modules ./diag
2025-09-25T14:28:48.901Z next:jsconfig-paths-plugin skipping request as it is inside node_modules ../api/context
2025-09-25T14:28:48.901Z next:jsconfig-paths-plugin skipping request as it is inside node_modules ../trace/context-utils
2025-09-25T14:28:48.901Z next:jsconfig-paths-plugin skipping request as it is inside node_modules ./NonRecordingSpan
2025-09-25T14:28:48.901Z next:jsconfig-paths-plugin skipping request as it is inside node_modules ./spancontext-utils
2025-09-25T14:28:48.901Z next:jsconfig-paths-plugin skipping request as it is inside node_modules ./NoopTracer
2025-09-25T14:28:48.901Z next:jsconfig-paths-plugin skipping request as it is inside node_modules ./invalid-span-constants
2025-09-25T14:28:48.901Z next:jsconfig-paths-plugin skipping request as it is inside node_modules ../diag/internal/logLevelLogger
2025-09-25T14:28:48.901Z next:jsconfig-paths-plugin skipping request as it is inside node_modules ./tracestate-validators
2025-09-25T14:28:48.905Z next:jsconfig-paths-plugin skipping request as it is inside node_modules ./context
2025-09-25T14:28:48.905Z next:jsconfig-paths-plugin skipping request as it is inside node_modules ../platform
2025-09-25T14:28:48.905Z next:jsconfig-paths-plugin skipping request as it is inside node_modules ../version
2025-09-25T14:28:48.905Z next:jsconfig-paths-plugin skipping request as it is inside node_modules ./semver
2025-09-25T14:28:48.905Z next:jsconfig-paths-plugin skipping request as it is inside node_modules ../internal/global-utils
2025-09-25T14:28:48.905Z next:jsconfig-paths-plugin skipping request as it is inside node_modules ./NoopMeter
2025-09-25T14:28:48.905Z next:jsconfig-paths-plugin skipping request as it is inside node_modules ../api/context
2025-09-25T14:28:48.905Z next:jsconfig-paths-plugin skipping request as it is inside node_modules ../context/context
2025-09-25T14:28:48.905Z next:jsconfig-paths-plugin skipping request as it is inside node_modules ../context/context
2025-09-25T14:28:48.905Z next:jsconfig-paths-plugin skipping request as it is inside node_modules ./NonRecordingSpan
2025-09-25T14:28:48.905Z next:jsconfig-paths-plugin skipping request as it is inside node_modules ../api/context
2025-09-25T14:28:48.905Z next:jsconfig-paths-plugin skipping request as it is inside node_modules ../types
2025-09-25T14:28:48.905Z next:jsconfig-paths-plugin skipping request as it is inside node_modules ../platform
2025-09-25T14:28:48.905Z next:jsconfig-paths-plugin skipping request as it is inside node_modules ../version
2025-09-25T14:28:48.905Z next:jsconfig-paths-plugin skipping request as it is inside node_modules ./context
2025-09-25T14:28:48.905Z next:jsconfig-paths-plugin skipping request as it is inside node_modules ./semver
2025-09-25T14:28:48.905Z next:jsconfig-paths-plugin skipping request as it is inside node_modules ../internal/global-utils
2025-09-25T14:28:48.905Z next:jsconfig-paths-plugin skipping request as it is inside node_modules ./NoopMeter
2025-09-25T14:28:48.905Z next:jsconfig-paths-plugin skipping request as it is inside node_modules ../api/context
2025-09-25T14:28:48.905Z next:jsconfig-paths-plugin skipping request as it is inside node_modules ../context/context
2025-09-25T14:28:48.905Z next:jsconfig-paths-plugin skipping request as it is inside node_modules ../context/context
2025-09-25T14:28:48.905Z next:jsconfig-paths-plugin skipping request as it is inside node_modules ./NonRecordingSpan
2025-09-25T14:28:48.905Z next:jsconfig-paths-plugin skipping request as it is inside node_modules ../api/context
2025-09-25T14:28:48.905Z next:jsconfig-paths-plugin skipping request as it is inside node_modules ../types
2025-09-25T14:28:48.907Z next:jsconfig-paths-plugin skipping request as it is inside node_modules ./node
2025-09-25T14:28:48.907Z next:jsconfig-paths-plugin skipping request as it is inside node_modules ../version
2025-09-25T14:28:48.907Z next:jsconfig-paths-plugin skipping request as it is inside node_modules ../version
2025-09-25T14:28:48.907Z next:jsconfig-paths-plugin skipping request as it is inside node_modules ./node
2025-09-25T14:28:48.907Z next:jsconfig-paths-plugin skipping request as it is inside node_modules ./globalThis
2025-09-25T14:28:48.907Z next:jsconfig-paths-plugin skipping request as it is inside node_modules ./globalThis
2025-09-25T14:28:48.921Z next:jsconfig-paths-plugin moduleName did not match any paths pattern react-server-dom-webpack/server.edge
2025-09-25T14:28:48.921Z next:jsconfig-paths-plugin moduleName did not match any paths pattern react-server-dom-webpack/server.edge
2025-09-25T14:28:48.921Z next:jsconfig-paths-plugin moduleName did not match any paths pattern react-server-dom-webpack/server.edge
2025-09-25T14:28:48.921Z next:jsconfig-paths-plugin moduleName did not match any paths pattern react-server-dom-webpack/server.edge
2025-09-25T14:28:48.922Z next:jsconfig-paths-plugin moduleName did not match any paths pattern __barrel_optimize__
2025-09-25T14:28:48.922Z next:jsconfig-paths-plugin moduleName did not match any paths pattern next-metadata-route-loader
2025-09-25T14:28:48.939Z next:jsconfig-paths-plugin moduleName did not match any paths pattern react-server-dom-webpack/server.edge
2025-09-25T14:28:48.940Z next:jsconfig-paths-plugin moduleName did not match any paths pattern react-server-dom-webpack/server.edge
2025-09-25T14:28:48.940Z next:jsconfig-paths-plugin moduleName did not match any paths pattern react-server-dom-webpack/server.edge
2025-09-25T14:28:48.940Z next:jsconfig-paths-plugin moduleName did not match any paths pattern react-server-dom-webpack/server.edge
2025-09-25T14:28:48.941Z next:jsconfig-paths-plugin moduleName did not match any paths pattern __barrel_optimize__
2025-09-25T14:28:48.942Z next:jsconfig-paths-plugin moduleName did not match any paths pattern __barrel_optimize__
2025-09-25T14:28:48.943Z next:jsconfig-paths-plugin moduleName did not match any paths pattern __barrel_optimize__
2025-09-25T14:28:48.943Z next:jsconfig-paths-plugin moduleName did not match any paths pattern __barrel_optimize__
2025-09-25T14:28:48.944Z next:jsconfig-paths-plugin moduleName did not match any paths pattern __barrel_optimize__
2025-09-25T14:28:48.945Z next:jsconfig-paths-plugin moduleName did not match any paths pattern react-server-dom-webpack/server.edge
2025-09-25T14:28:48.946Z next:jsconfig-paths-plugin moduleName did not match any paths pattern react-server-dom-webpack/server.edge
2025-09-25T14:28:48.946Z next:jsconfig-paths-plugin moduleName did not match any paths pattern react-server-dom-webpack/server.edge
2025-09-25T14:28:48.946Z next:jsconfig-paths-plugin moduleName did not match any paths pattern react-server-dom-webpack/server.edge
2025-09-25T14:28:48.950Z next:jsconfig-paths-plugin moduleName did not match any paths pattern react-server-dom-webpack/server.edge
2025-09-25T14:28:48.950Z next:jsconfig-paths-plugin moduleName did not match any paths pattern react-server-dom-webpack/server.edge
2025-09-25T14:28:48.950Z next:jsconfig-paths-plugin moduleName did not match any paths pattern react-server-dom-webpack/server.edge
2025-09-25T14:28:48.950Z next:jsconfig-paths-plugin moduleName did not match any paths pattern react-server-dom-webpack/server.edge
2025-09-25T14:28:48.950Z next:jsconfig-paths-plugin moduleName did not match any paths pattern react-server-dom-webpack/server.edge
2025-09-25T14:28:48.950Z next:jsconfig-paths-plugin moduleName did not match any paths pattern react-server-dom-webpack/server.edge
2025-09-25T14:28:48.950Z next:jsconfig-paths-plugin moduleName did not match any paths pattern react-server-dom-webpack/server.edge
2025-09-25T14:28:48.950Z next:jsconfig-paths-plugin moduleName did not match any paths pattern react-server-dom-webpack/server.edge
2025-09-25T14:28:48.951Z next:jsconfig-paths-plugin moduleName did not match any paths pattern react-server-dom-webpack/server.edge
2025-09-25T14:28:48.951Z next:jsconfig-paths-plugin moduleName did not match any paths pattern react-server-dom-webpack/server.edge
2025-09-25T14:28:48.951Z next:jsconfig-paths-plugin moduleName did not match any paths pattern react-server-dom-webpack/server.edge
2025-09-25T14:28:48.951Z next:jsconfig-paths-plugin moduleName did not match any paths pattern react-server-dom-webpack/server.edge
2025-09-25T14:28:48.953Z next:jsconfig-paths-plugin moduleName did not match any paths pattern react-server-dom-webpack/server.edge
2025-09-25T14:28:48.953Z next:jsconfig-paths-plugin moduleName did not match any paths pattern react-server-dom-webpack/server.edge
2025-09-25T14:28:48.953Z next:jsconfig-paths-plugin moduleName did not match any paths pattern react-server-dom-webpack/server.edge
2025-09-25T14:28:48.953Z next:jsconfig-paths-plugin moduleName did not match any paths pattern react-server-dom-webpack/server.edge
2025-09-25T14:28:48.955Z next:jsconfig-paths-plugin moduleName did not match any paths pattern react-server-dom-webpack/server.edge
2025-09-25T14:28:48.956Z next:jsconfig-paths-plugin moduleName did not match any paths pattern react-server-dom-webpack/server.edge
2025-09-25T14:28:48.956Z next:jsconfig-paths-plugin moduleName did not match any paths pattern react-server-dom-webpack/server.edge
2025-09-25T14:28:48.956Z next:jsconfig-paths-plugin moduleName did not match any paths pattern react-server-dom-webpack/server.edge
2025-09-25T14:28:48.958Z next:jsconfig-paths-plugin moduleName did not match any paths pattern next-metadata-route-loader
2025-09-25T14:28:48.958Z next:jsconfig-paths-plugin moduleName did not match any paths pattern next-metadata-route-loader
2025-09-25T14:28:48.958Z next:jsconfig-paths-plugin moduleName did not match any paths pattern next-metadata-route-loader
2025-09-25T14:28:48.961Z next:jsconfig-paths-plugin moduleName did not match any paths pattern __barrel_optimize__
2025-09-25T14:28:48.961Z next:jsconfig-paths-plugin moduleName did not match any paths pattern __barrel_optimize__
2025-09-25T14:28:48.961Z next:jsconfig-paths-plugin moduleName did not match any paths pattern __barrel_optimize__
2025-09-25T14:28:48.961Z next:jsconfig-paths-plugin moduleName did not match any paths pattern __barrel_optimize__
2025-09-25T14:28:48.961Z next:jsconfig-paths-plugin moduleName did not match any paths pattern __barrel_optimize__
2025-09-25T14:28:48.961Z next:jsconfig-paths-plugin moduleName did not match any paths pattern __barrel_optimize__
2025-09-25T14:28:48.962Z next:jsconfig-paths-plugin moduleName did not match any paths pattern __barrel_optimize__
2025-09-25T14:28:48.962Z next:jsconfig-paths-plugin moduleName did not match any paths pattern __barrel_optimize__
2025-09-25T14:28:48.962Z next:jsconfig-paths-plugin moduleName did not match any paths pattern __barrel_optimize__
2025-09-25T14:28:48.962Z next:jsconfig-paths-plugin moduleName did not match any paths pattern __barrel_optimize__
2025-09-25T14:28:48.962Z next:jsconfig-paths-plugin moduleName did not match any paths pattern __barrel_optimize__
2025-09-25T14:28:48.962Z next:jsconfig-paths-plugin moduleName did not match any paths pattern __barrel_optimize__
2025-09-25T14:28:48.962Z next:jsconfig-paths-plugin moduleName did not match any paths pattern __barrel_optimize__
2025-09-25T14:28:48.962Z next:jsconfig-paths-plugin moduleName did not match any paths pattern __barrel_optimize__
2025-09-25T14:28:48.962Z next:jsconfig-paths-plugin moduleName did not match any paths pattern __barrel_optimize__
2025-09-25T14:28:48.962Z next:jsconfig-paths-plugin moduleName did not match any paths pattern __barrel_optimize__
2025-09-25T14:28:48.962Z next:jsconfig-paths-plugin moduleName did not match any paths pattern __barrel_optimize__
2025-09-25T14:28:48.962Z next:jsconfig-paths-plugin moduleName did not match any paths pattern __barrel_optimize__
2025-09-25T14:28:49.219Z next:build:webpack-build server compiler finished 1439ms

> Build error occurred
[Error: kill EPERM] { errno: -1, code: 'EPERM', syscall: 'kill' }
unhandledRejection [Error: kill EPERM] { errno: -1, code: 'EPERM', syscall: 'kill' }
